"Id","IsDeleted","MasterRecordId","CaseNumber","ContactId","AccountId","AssetId","ProductId","EntitlementId","SourceId","BusinessHoursId","ParentId","SuppliedName","SuppliedEmail","SuppliedPhone","SuppliedCompany","Type","Status","Reason","Origin","Subject","Priority","Description","IsClosed","ClosedDate","IsEscalated","OwnerId","IsClosedOnCreate","SlaStartDate","SlaExitDate","IsStopped","StopStartDate","CreatedDate","CreatedById","LastModifiedDate","LastModifiedById","SystemModstamp","ServiceContractId","EventsProcessedDate","EngineeringReqNumber__c","SLAViolation__c","Product__c","PotentialLiability__c"
"500gK00000GZ59VQAT","0","","00001001","003gK000008iWmLQAU","001gK00000HZCayQAH","000000000000000AAA","000000000000000AAA","","","01mgK000003GcsPQAS","000000000000000AAA","","","","","Electrical","Closed","Performance","Phone","Performance inadequate for second consecutive week","High","","1","2024-07-05 18:59:51","0","005gK000006W7m6QAC","1","","","0","","2025-08-25 06:35:58","005gK000006W7m6QAC","2025-08-25 06:35:58","005gK000006W7m6QAC","2025-08-25 06:35:58","","2027-02-02 17:54:03","767145","Yes","GC1060","Yes"
"500gK00000GZ59WQAT","0","","00001000","003gK000008iWm4QAE","001gK00000HZCatQAH","000000000000000AAA","000000000000000AAA","","","01mgK000003GcsPQAS","000000000000000AAA","","","","","Electrical","Closed","Equipment Complexity","Phone","Starting generator after electrical failure","High","","1","2024-07-05 18:59:51","0","005gK000006W7m6QAC","1","","","0","","2025-08-25 06:35:58","005gK000006W7m6QAC","2025-08-25 06:35:58","005gK000006W7m6QAC","2025-08-25 06:35:58","","","765876","No","GC5040","No"
"500gK00000GZ59XQAT","0","","00001002","003gK000008iWmBQAU","001gK00000HZCayQAH","000000000000000AAA","000000000000000AAA","","","01mgK000003GcsPQAS","000000000000000AAA","","","","","Electrical","New","Installation","Web","Seeking guidance on electrical wiring installation for GC5060","Low","","0","","0","005gK000006W7m6QAC","0","","","0","","2025-08-25 06:35:58","005gK000006W7m6QAC","2025-08-25 06:35:58","005gK000006W7m6QAC","2025-08-25 06:35:58","","","","No","GC3060","No"
"500gK00000GZ59YQAT","0","","00001003","003gK000008iWmDQAU","001gK00000HZCazQAH","000000000000000AAA","000000000000000AAA","","","01mgK000003GcsPQAS","000000000000000AAA","","","","","Other","Closed","Installation","Web","Easy installation process","Low","","1","2024-07-05 18:59:51","0","005gK000006W7m6QAC","1","","","0","","2025-08-25 06:35:58","005gK000006W7m6QAC","2025-08-25 06:35:58","005gK000006W7m6QAC","2025-08-25 06:35:58","","","","No","GC1020","No"
"500gK00000GZ59ZQAT","0","","00001004","003gK000008iWmDQAU","001gK00000HZCazQAH","000000000000000AAA","000000000000000AAA","","","01mgK000003GcsPQAS","000000000000000AAA","","","","","Other","Closed","Other","Phone","Maintenance guidelines for generator unclear","Medium","","1","2024-07-05 18:59:51","0","005gK000006W7m6QAC","1","","","0","","2025-08-25 06:35:58","005gK000006W7m6QAC","2025-08-25 06:35:58","005gK000006W7m6QAC","2025-08-25 06:35:58","","","784532","No","GC5020","No"
"500gK00000GZ59aQAD","0","","00001005","003gK000008iWmEQAU","001gK00000HZCazQAH","000000000000000AAA","000000000000000AAA","","","01mgK000003GcsPQAS","000000000000000AAA","","","","","Electrical","Closed","Performance","Phone","Electrical circuit malfunctioning","Medium","","1","2024-07-05 18:59:51","0","005gK000006W7m6QAC","1","","","0","","2025-08-25 06:35:58","005gK000006W7m6QAC","2025-08-25 06:35:58","005gK000006W7m6QAC","2025-08-25 06:35:58","","","653780","No","GC1060","Yes"
"500gK00000GZ59bQAD","0","","00001006","003gK000008iWmKQAU","001gK00000HZCb3QAH","000000000000000AAA","000000000000000AAA","","","01mgK000003GcsPQAS","000000000000000AAA","","","","","Other","Closed","Feedback","Phone","Generator assembly instructions unclear","Low","","1","2024-07-05 18:59:51","0","005gK000006W7m6QAC","1","","","0","","2025-08-25 06:35:58","005gK000006W7m6QAC","2025-08-25 06:35:58","005gK000006W7m6QAC","2025-08-25 06:35:58","","","253574","No","GC1020","No"
"500gK00000GZ59cQAD","0","","00001007","003gK000008iWm9QAE","001gK00000HZCaxQAH","000000000000000AAA","000000000000000AAA","","","01mgK000003GcsPQAS","000000000000000AAA","","","","","Structural","Closed","Breakdown","Phone","Structural breakdown of rotor assembly","Medium","","1","2024-07-05 18:59:51","0","005gK000006W7m6QAC","1","","","0","","2025-08-25 06:35:58","005gK000006W7m6QAC","2025-08-25 06:35:58","005gK000006W7m6QAC","2025-08-25 06:35:58","","","835735","No","GC1040","No"
"500gK00000GZ59dQAD","0","","00001008","003gK000008iWm9QAE","001gK00000HZCaxQAH","000000000000000AAA","000000000000000AAA","","","01mgK000003GcsPQAS","000000000000000AAA","","","","","Other","Closed","Feedback","Web","Customer service for portable generators needs beefing up","Low","","1","2024-07-05 18:59:51","0","005gK000006W7m6QAC","1","","","0","","2025-08-25 06:35:58","005gK000006W7m6QAC","2025-08-25 06:35:58","005gK000006W7m6QAC","2025-08-25 06:35:58","","","","No","GC1020","No"
"500gK00000GZ59eQAD","0","","00001009","003gK000008iWmHQAU","001gK00000HZCb1QAH","000000000000000AAA","000000000000000AAA","","","01mgK000003GcsPQAS","000000000000000AAA","","","","","Mechanical","Closed","Other","Phone","Mechanical maintenance guidelines for generator misleading","Medium","","1","2024-07-05 18:59:51","0","005gK000006W7m6QAC","1","","","0","","2025-08-25 06:35:58","005gK000006W7m6QAC","2025-08-25 06:35:58","005gK000006W7m6QAC","2025-08-25 06:35:58","","","365782","No","GC3040","Yes"
"500gK00000GZ59fQAD","0","","00001010","003gK000008iWmIQAU","001gK00000HZCb2QAH","000000000000000AAA","000000000000000AAA","","","01mgK000003GcsPQAS","000000000000000AAA","","","","","Other","Closed","Feedback","Web","Maintenance guidelines for generator unclear","Low","","1","2024-07-05 18:59:51","0","005gK000006W7m6QAC","1","","","0","","2025-08-25 06:35:58","005gK000006W7m6QAC","2025-08-25 06:35:58","005gK000006W7m6QAC","2025-08-25 06:35:58","","","658733","No","GC1060","No"
"500gK00000GZ59gQAD","0","","00001011","003gK000008iWmJQAU","001gK00000HZCb2QAH","000000000000000AAA","000000000000000AAA","","","01mgK000003GcsPQAS","000000000000000AAA","","","","","Electronic","Closed","Equipment Design","Web","Electronic panel fitting loose","Medium","","1","2024-07-05 18:59:51","0","005gK000006W7m6QAC","1","","","0","","2025-08-25 06:35:58","005gK000006W7m6QAC","2025-08-25 06:35:58","005gK000006W7m6QAC","2025-08-25 06:35:58","","","965884","No","GC3020","No"
"500gK00000GZ59hQAD","0","","00001012","003gK000008iWmFQAU","001gK00000HZCb0QAH","000000000000000AAA","000000000000000AAA","","","01mgK000003GcsPQAS","000000000000000AAA","","","","","Electrical","Closed","Breakdown","Web","Repeated motor breakdown while shutting off","Medium","","1","2024-07-05 18:59:51","0","005gK000006W7m6QAC","1","","","0","","2025-08-25 06:35:58","005gK000006W7m6QAC","2025-08-25 06:35:58","005gK000006W7m6QAC","2025-08-25 06:35:58","","","347209","Yes","GC1020","Yes"
"500gK00000GZ59iQAD","0","","00001013","003gK000008iWmAQAU","001gK00000HZCaxQAH","000000000000000AAA","000000000000000AAA","","","01mgK000003GcsPQAS","000000000000000AAA","","","","","Other","Closed","Equipment Design","Web","Starting up generator consumes excessive power","Medium","","1","2024-07-05 18:59:51","0","005gK000006W7m6QAC","1","","","0","","2025-08-25 06:35:58","005gK000006W7m6QAC","2025-08-25 06:35:58","005gK000006W7m6QAC","2025-08-25 06:35:58","","","654623","No","GC5020","No"
"500gK00000GZ59jQAD","0","","00001014","003gK000008iWmAQAU","001gK00000HZCaxQAH","000000000000000AAA","000000000000000AAA","","","01mgK000003GcsPQAS","000000000000000AAA","","","","","Other","Closed","Installation","Phone","Delay in installation; spare parts unavailable","High","","1","2024-07-05 18:59:51","0","005gK000006W7m6QAC","1","","","0","","2025-08-25 06:35:58","005gK000006W7m6QAC","2025-08-25 06:35:58","005gK000006W7m6QAC","2025-08-25 06:35:58","","","","No","GC3020","Yes"
"500gK00000GZ59kQAD","0","","00001015","003gK000008iWmJQAU","001gK00000HZCb2QAH","000000000000000AAA","000000000000000AAA","","","01mgK000003GcsPQAS","000000000000000AAA","","","","","Mechanical","Closed","Breakdown","Web","Frequent mechanical breakdown","Medium","","1","2024-07-05 18:59:51","0","005gK000006W7m6QAC","1","","","0","","2025-08-25 06:35:58","005gK000006W7m6QAC","2025-08-25 06:35:58","005gK000006W7m6QAC","2025-08-25 06:35:58","","","354982","No","GC3060","Yes"
"500gK00000GZ59lQAD","0","","00001016","003gK000008iWmKQAU","001gK00000HZCb3QAH","000000000000000AAA","000000000000000AAA","","","01mgK000003GcsPQAS","000000000000000AAA","","","","","Other","New","Feedback","Web","Maintenance guidelines for generator unclear","Low","","0","","0","005gK000006W7m6QAC","0","","","0","","2025-08-25 06:35:58","005gK000006W7m6QAC","2025-08-25 06:35:58","005gK000006W7m6QAC","2025-08-25 06:35:58","","","651375","No","GC5020","No"
"500gK00000GZ59mQAD","0","","00001017","003gK000008iWm5QAE","001gK00000HZCatQAH","000000000000000AAA","000000000000000AAA","","","01mgK000003GcsPQAS","000000000000000AAA","","","","","Mechanical","Closed","Equipment Complexity","Web","Shutting down of generator","Medium","","1","2024-07-05 18:59:51","0","005gK000006W7m6QAC","1","","","0","","2025-08-25 06:35:58","005gK000006W7m6QAC","2025-08-25 06:35:58","005gK000006W7m6QAC","2025-08-25 06:35:58","","","736734","No","GC1040","No"
"500gK00000GZ59nQAD","0","","00001018","003gK000008iWm5QAE","001gK00000HZCatQAH","000000000000000AAA","000000000000000AAA","","","01mgK000003GcsPQAS","000000000000000AAA","","","","","Electrical","Closed","Equipment Complexity","Phone","Cannot start generator after electrical failure","Medium","","1","2024-07-05 18:59:51","0","005gK000006W7m6QAC","1","","","0","","2025-08-25 06:35:58","005gK000006W7m6QAC","2025-08-25 06:35:58","005gK000006W7m6QAC","2025-08-25 06:35:58","","","526714","No","GC1040","No"
"500gK00000GZ59oQAD","0","","00001019","003gK000008iWm6QAE","001gK00000HZCauQAH","000000000000000AAA","000000000000000AAA","","","01mgK000003GcsPQAS","000000000000000AAA","","","","","Structural","Closed","Equipment Design","Web","Structural failure of generator base","High","","1","2024-07-05 18:59:51","0","005gK000006W7m6QAC","1","","","0","","2025-08-25 06:35:58","005gK000006W7m6QAC","2025-08-25 06:35:58","005gK000006W7m6QAC","2025-08-25 06:35:58","","","636265","No","GC5060","Yes"
"500gK00000GZ59pQAD","0","","00001020","003gK000008iWm6QAE","001gK00000HZCauQAH","000000000000000AAA","000000000000000AAA","","","01mgK000003GcsPQAS","000000000000000AAA","","","","","Electrical","Closed","Performance","Phone","Power generation below stated level","Medium","","1","2024-07-05 18:59:51","0","005gK000006W7m6QAC","1","","","0","","2025-08-25 06:35:58","005gK000006W7m6QAC","2025-08-25 06:35:58","005gK000006W7m6QAC","2025-08-25 06:35:58","","","237645","No","GC3060","Yes"
"500gK00000GZ59qQAD","0","","00001021","003gK000008iWmBQAU","001gK00000HZCayQAH","000000000000000AAA","000000000000000AAA","","","01mgK000003GcsPQAS","000000000000000AAA","","","","","Structural","Closed","Installation","Phone","Generator GC3060 platform structure is weakening","High","","1","2024-07-05 18:59:51","0","005gK000006W7m6QAC","1","","","0","","2025-08-25 06:35:58","005gK000006W7m6QAC","2025-08-25 06:35:58","005gK000006W7m6QAC","2025-08-25 06:35:58","","","435143","","GC3060","Yes"
"500gK00000GZ59rQAD","0","","00001022","003gK000008iWmBQAU","001gK00000HZCayQAH","000000000000000AAA","000000000000000AAA","","","01mgK000003GcsPQAS","000000000000000AAA","","","","","Electronic","Closed","Performance","Web","Signal panel on GC5060 blinks intermittently","Medium","","1","2024-07-05 18:59:51","0","005gK000006W7m6QAC","1","","","0","","2025-08-25 06:35:58","005gK000006W7m6QAC","2025-08-25 06:35:58","005gK000006W7m6QAC","2025-08-25 06:35:58","","","456345","No","GC5060","No"
"500gK00000GZ59sQAD","0","","00001023","003gK000008iWmBQAU","001gK00000HZCayQAH","000000000000000AAA","000000000000000AAA","","","01mgK000003GcsPQAS","000000000000000AAA","","","","","Electrical","Closed","Other","Phone","Electric surge damaging adjacent equipment","High","","1","2024-07-05 18:59:51","0","005gK000006W7m6QAC","1","","","0","","2025-08-25 06:35:58","005gK000006W7m6QAC","2025-08-25 06:35:58","005gK000006W7m6QAC","2025-08-25 06:35:58","","","265794","No","GC5060","No"
"500gK00000GZ59tQAD","0","","00001024","003gK000008iWmCQAU","001gK00000HZCayQAH","000000000000000AAA","000000000000000AAA","","","01mgK000003GcsPQAS","000000000000000AAA","","","","","Mechanical","New","Equipment Design","Web","Design issue with mechanical rotor","Low","","0","","0","005gK000006W7m6QAC","0","","","0","","2025-08-25 06:35:58","005gK000006W7m6QAC","2025-08-25 06:35:58","005gK000006W7m6QAC","2025-08-25 06:35:58","","","868314","No","GC3040","No"
"500gK00000GZ59uQAD","0","","00001025","003gK000008iWmCQAU","001gK00000HZCayQAH","000000000000000AAA","000000000000000AAA","","","01mgK000003GcsPQAS","000000000000000AAA","","","","","Electrical","Closed","Equipment Design","Phone","Motor design hindering performance","Medium","","1","2024-07-05 18:59:51","0","005gK000006W7m6QAC","1","","","0","","2025-08-25 06:35:58","005gK000006W7m6QAC","2025-08-25 06:35:58","005gK000006W7m6QAC","2025-08-25 06:35:58","","","572546","No","GC5040","No"
