"Id","IsDeleted","MasterRecordId","AccountId","Salutation","FirstName","LastName","OtherStreet","OtherCity","OtherState","OtherPostalCode","OtherCountry","OtherStateCode","OtherCountryCode","OtherLatitude","OtherLongitude","OtherGeocodeAccuracy","MailingStreet","MailingCity","MailingState","MailingPostalCode","MailingCountry","MailingStateCode","MailingCountryCode","MailingLatitude","MailingLongitude","MailingGeocodeAccuracy","Phone","Fax","MobilePhone","HomePhone","OtherPhone","AssistantPhone","ReportsToId","Email","Title","Department","AssistantName","LeadSource","Birthdate","Description","OwnerId","HasOptedOutOfEmail","HasOptedOutOfFax","DoNotCall","CreatedDate","CreatedById","LastModifiedDate","LastModifiedById","SystemModstamp","LastActivityDate","LastCURequestDate","LastCUUpdateDate","EmailBouncedReason","EmailBouncedDate","Jigsaw","JigsawContactId","CleanStatus","IndividualId","Pronouns","GenderIdentity","ContactSource","BuyerAttributes","Level__c","Languages__c"
"003gK000008iWm4QAE","0","","001gK00000HZCatQAH","Ms.","Rose","Gonzalez","","","","","","","","","","","313 Constitution Place Austin, TX 78767 USA","","","","","","","","","","(512) 757-6000","(512) 757-9000","(512) 757-9340","","","","","rose@edge.com","SVP, Procurement","Procurement","","Trade Show","1973-08-05 00:00:00","","005gK000006W7m6QAC","0","0","0","2025-08-25 06:35:58","005gK000006W7m6QAC","2025-08-25 06:35:58","005gK000006W7m6QAC","2025-08-25 06:35:58","","","","","","","","Pending","","","","","","Primary","English"
"003gK000008iWm5QAE","0","","001gK00000HZCatQAH","Mr.","Sean","Forbes","","","","","","","","","","","312 Constitution Place Austin, TX 78767 USA","","","","","","","","","","(512) 757-6000","(512) 757-9000","(512) 757-4561","","","","","sean@edge.com","CFO","Finance","","Trade Show","1952-05-03 00:00:00","","005gK000006W7m6QAC","0","0","0","2025-08-25 06:35:58","005gK000006W7m6QAC","2025-08-25 06:35:58","005gK000006W7m6QAC","2025-08-25 06:35:58","","","","","","","","Pending","","","","","","Secondary","English"
"003gK000008iWm6QAE","0","","001gK00000HZCauQAH","Mr.","Jack","Rogers","","","","","","","","","","","525 S. Lexington Ave","Burlington","NC","27215","USA","NC","US","","","","(336) 222-7000","(336) 222-8000","","","","","","jrogers@burlington.com","VP, Facilities","","","Web","","","005gK000006W7m6QAC","0","0","0","2025-08-25 06:35:58","005gK000006W7m6QAC","2025-08-25 06:35:58","005gK000006W7m6QAC","2025-08-25 06:35:58","","","","","","","","Pending","","","","","","",""
"003gK000008iWm7QAE","0","","001gK00000HZCavQAH","Ms.","Pat","Stumuller","2 Place Jussieu","Paris","","75251","France","","FR","","","","2 Place Jussieu","Paris","","75251","France","","FR","","","","(014) 427-4427","(014) 427-4428","(014) 454-6364","","","(014) 427-4465","","pat@pyramid.net","SVP, Administration and Finance","Finance","Jean Marie","","","","005gK000006W7m6QAC","0","0","0","2025-08-25 06:35:58","005gK000006W7m6QAC","2025-08-25 06:35:58","005gK000006W7m6QAC","2025-08-25 06:35:58","","","","","","","","Pending","","","","","","Primary","French, English"
"003gK000008iWm8QAE","0","","001gK00000HZCawQAH","Mr","Andy","Young","1301 Hoch Drive","Lawrence","KS","66045","USA","KS","US","","","","1301 Hoch Drive","Lawrence","KS","66045","USA","KS","US","","","","(785) 241-6200","","(785) 265-5350","","","","","a_young@dickenson.com","SVP, Operations","Internal Operations","","Purchased List","","","005gK000006W7m6QAC","0","0","0","2025-08-25 06:35:58","005gK000006W7m6QAC","2025-08-25 06:35:58","005gK000006W7m6QAC","2025-08-25 06:35:58","","","","","","","","Pending","","","","","","Primary","English"
"003gK000008iWm9QAE","0","","001gK00000HZCaxQAH","Mr.","Tim","Barr","","","","","","","","","","","2335 N. Michigan Avenue, Suite 1500 Chicago, IL 60601, USA","","","","","","","","","","(312) 596-1000","(312) 596-1500","(312) 596-1230","","","","","barr_tim@grandhotels.com","SVP, Administration and Finance","Finance","","External Referral","1959-04-01 00:00:00","","005gK000006W7m6QAC","0","0","0","2025-08-25 06:35:58","005gK000006W7m6QAC","2025-08-25 06:35:58","005gK000006W7m6QAC","2025-08-25 06:35:58","","","","","","","","Pending","","","","","","Secondary","English"
"003gK000008iWmAQAU","0","","001gK00000HZCaxQAH","Mr.","John","Bond","","","","","","","","","","","2334 N. Michigan Avenue, Suite 1500 Chicago, IL 60601, USA","","","","","","","","","","(312) 596-1000","(312) 596-1500","(312) 596-1563","","","","","bond_john@grandhotels.com","VP, Facilities","Facilities","","External Referral","1961-06-12 00:00:00","","005gK000006W7m6QAC","0","0","0","2025-08-25 06:35:58","005gK000006W7m6QAC","2025-08-25 06:35:58","005gK000006W7m6QAC","2025-08-25 06:35:58","","","","","","","","Pending","","","","","","Primary","English"
"003gK000008iWmBQAU","0","","001gK00000HZCayQAH","Ms.","Stella","Pavlova","","","","","","","","","","","1303 Avenue of the Americas  New York, NY 10019 USA","","","","","","","","","","(212) 842-5500","(212) 842-5501","(212) 842-5501","","(212) 842-5543","(212) 842-5589","","spavlova@uog.com","SVP, Production","Production","Audrey Haynes","Public Relations","1948-11-26 00:00:00","","005gK000006W7m6QAC","0","0","0","2025-08-25 06:35:58","005gK000006W7m6QAC","2025-08-25 06:35:58","005gK000006W7m6QAC","2025-08-25 06:35:58","","","","","","","","Pending","","","","","","Tertiary","English"
"003gK000008iWmCQAU","0","","001gK00000HZCayQAH","Ms.","Lauren","Boyle","","","","","","","","","","","1304 Avenue of the Americas  New York, NY 10019 USA","","","","","","","","","","(212) 842-5500","(212) 842-5501","(212) 842-5611","","","","","lboyle@uog.com","SVP, Technology","Technology","","Public Relations","1966-01-09 00:00:00","","005gK000006W7m6QAC","0","0","0","2025-08-25 06:35:58","005gK000006W7m6QAC","2025-08-25 06:35:58","005gK000006W7m6QAC","2025-08-25 06:35:58","","","","","","","","Pending","","","","","","Secondary","English"
"003gK000008iWmDQAU","0","","001gK00000HZCazQAH","Ms.","Babara","Levy","","","","","","","","","","","620 SW 5th Avenue Suite 400 Portland, Oregon 97204 United States","","","","","","","","","","(503) 421-7800","(503) 421-7801","(503) 421-5451","","","(503) 421-6782","","b.levy@expressl&t.net","SVP, Operations","Operations","Ron Sage","Word of mouth","1942-07-13 00:00:00","","005gK000006W7m6QAC","0","0","0","2025-08-25 06:35:58","005gK000006W7m6QAC","2025-08-25 06:35:58","005gK000006W7m6QAC","2025-08-25 06:35:58","","","","","","","","Pending","","","","","","Primary","English"
"003gK000008iWmEQAU","0","","001gK00000HZCazQAH","Mr.","Josh","Davis","","","","","","","","","","","621 SW 5th Avenue Suite 400 Portland, Oregon 97204 United States","","","","","","","","","","(503) 421-7800","(503) 421-7801","(503) 421-4387","","","","","j.davis@expressl&t.net","Director, Warehouse Mgmt","Warehouse Mgmt","","Word of mouth","1953-11-06 00:00:00","","005gK000006W7m6QAC","0","0","0","2025-08-25 06:35:58","005gK000006W7m6QAC","2025-08-25 06:35:58","005gK000006W7m6QAC","2025-08-25 06:35:58","","","","","","","","Pending","","","","","","Secondary","English"
"003gK000008iWmFQAU","0","","001gK00000HZCb0QAH","Ms.","Jane","Grey","","","","","","","","","","","888 N Euclid  Hallis Center, Room 501 Tucson, AZ 85721 United States","","","","","","","","","","(520) 773-9050","(520) 773-9060","(520) 773-4539","","","","","jane_gray@uoa.edu","Dean of Administration","Administration","","Word of mouth","1949-09-23 00:00:00","","005gK000006W7m6QAC","0","0","0","2025-08-25 06:35:58","005gK000006W7m6QAC","2025-08-25 06:35:58","005gK000006W7m6QAC","2025-08-25 06:35:58","","","","","","","","Pending","","","","","","Primary","English"
"003gK000008iWmGQAU","0","","001gK00000HZCayQAH","Mr.","Arthur","Song","","","","","","","","","","","1301 Avenue of the Americas  New York, NY 10019 USA","","","","","","","","","","(212) 842-5500","(212) 842-5501","(212) 842-4535","","","(212) 842-5464","","asong@uog.com","CEO","Executive Team","Pat Feinstein","Public Relations","1957-03-24 00:00:00","","005gK000006W7m6QAC","0","0","0","2025-08-25 06:35:58","005gK000006W7m6QAC","2025-08-25 06:35:58","005gK000006W7m6QAC","2025-08-25 06:35:58","","","","","","","","Pending","","","","","","Secondary","English"
"003gK000008iWmHQAU","0","","001gK00000HZCb1QAH","Ms.","Ashley","James","","","","","","","","","","","Kings Park, 17th Avenue, Team Valley Trading Estate, Gateshead, Tyne and Wear NE26 3HS United Kingdom","","","","","","","","","","+44 191 4956203","+44 191 4956620","+44 191 3456234","","","","","ajames@uog.com","VP, Finance","Finance","","Public Relations","1951-12-02 00:00:00","","005gK000006W7m6QAC","0","0","0","2025-08-25 06:35:58","005gK000006W7m6QAC","2025-08-25 06:35:58","005gK000006W7m6QAC","2025-08-25 06:35:58","","","","","","","","Pending","","","","","","Primary","English"
"003gK000008iWmIQAU","0","","001gK00000HZCb2QAH","Mr.","Tom","Ripley","","","","","","","","","","","9 Tagore Lane Singapore, Singapore 787472 Singapore","","","","","","","","","","(650) 450-8810","(650) 450-8820","(650) 345-7636","","","","","tripley@uog.com","Regional General Manager","Executive Team","","Public Relations","1956-01-29 00:00:00","","005gK000006W7m6QAC","0","0","0","2025-08-25 06:35:58","005gK000006W7m6QAC","2025-08-25 06:35:58","005gK000006W7m6QAC","2025-08-25 06:35:58","","","","","","","","Pending","","","","","","Primary","English"
"003gK000008iWmJQAU","0","","001gK00000HZCb2QAH","Ms.","Liz","D'Cruz","","","","","","","","","","","10 Tagore Lane Singapore, Singapore 787472 Singapore","","","","","","","","","","(650) 450-8810","(650) 450-8820","(650) 345-6637","","","","","ldcruz@uog.com","VP, Production","Production","","Public Relations","1967-05-11 00:00:00","","005gK000006W7m6QAC","0","0","0","2025-08-25 06:35:58","005gK000006W7m6QAC","2025-08-25 06:35:58","005gK000006W7m6QAC","2025-08-25 06:35:58","","","","","","","","Pending","","","","","","Secondary","English"
"003gK000008iWmKQAU","0","","001gK00000HZCb3QAH","Ms.","Edna","Frank","","","","","","","","","","","345 Shoreline Park Mountain View, CA 94043 USA","","","","","","","","","","(650) 867-3450","(650) 867-9895","(650) 867-7686","","","","","efrank@genepoint.com","VP, Technology","Technology","","Partner","1947-10-16 00:00:00","","005gK000006W7m6QAC","0","0","0","2025-08-25 06:35:58","005gK000006W7m6QAC","2025-08-25 06:35:58","005gK000006W7m6QAC","2025-08-25 06:35:58","","","","","","","","Pending","","","","","","Primary","English"
"003gK000008iWmLQAU","0","","001gK00000HZCayQAH","Mr.","Avi","Green","","","","","","","","","","","1302 Avenue of the Americas  New York, NY 10019 USA","","","","","","","","","","(212) 842-5500","(212) 842-5501","(212) 842-2383","","","(212) 842-5428","","agreen@uog.com","CFO","Finance","Chris Nobel","Public Relations","1939-03-05 00:00:00","","005gK000006W7m6QAC","0","0","0","2025-08-25 06:35:58","005gK000006W7m6QAC","2025-08-25 06:35:58","005gK000006W7m6QAC","2025-08-25 06:35:58","","","","","","","","Pending","","","","","","Primary","English"
"003gK000008iWmMQAU","0","","001gK00000HZCb4QAH","Ms.","Siddartha","Nedaerk","","","","","","","","","","","The Landmark @ One Market","San Francisco","CA","94087","US","CA","US","","","","","","","","","","","","","","","","","","005gK000006W7m6QAC","0","0","0","2025-08-25 06:35:58","005gK000006W7m6QAC","2025-08-25 06:35:58","005gK000006W7m6QAC","2025-08-25 06:35:58","","","","","","","","Pending","","","","","","",""
"003gK000008iWmNQAU","0","","001gK00000HZCb4QAH","Mr.","Jake","Llorrac","","","","","","","","","","","","","","","","","","","","","","","","","","","","","","","","","","","005gK000006W7m6QAC","0","0","0","2025-08-25 06:35:58","005gK000006W7m6QAC","2025-08-25 06:35:58","005gK000006W7m6QAC","2025-08-25 06:35:58","","","","","","","","Pending","","","","","","",""
