"Id","FeedItemId","FieldName","DataType","OldValueString","NewValueString","OldValueFirstName","NewValueFirstName","OldValueLastName","NewValueLastName","OldValueNumber","NewValueNumber","OldValueDate","NewValueDate"
"0D6gK000006s85BSAQ","0D5gK000006aKPlSAM","feedEvent","Text","","","","","","","","","",""
"0D6gK000006s85CSAQ","0D5gK000006aKPlSAM","Name","Text","","Submit for Approval","","","","","","","",""
"0D6gK000006s85DSAQ","0D5gK000006aKPlSAM","Account","EntityId","","","","","","","","","",""
"0D6gK000006s85ESAQ","0D5gK000006aKPlSAM","Account","EntityId","","","","","","","","","",""
"0D6gK000006s85FSAQ","0D5gK000006aKPlSAM","CloseDate","DateOnly","","","","","","","","","","2025-10-02 00:00:00"
"0D6gK000006s85GSAQ","0D5gK000006aKPlSAM","Amount","Currency","","","","","","","","","",""
"0D6gK000006s85HSAQ","0D5gK000006aKPlSAM","Owner","EntityId","","005gK000006hSbD","","","","","","","",""
"0D6gK000006s85ISAQ","0D5gK000006aKPlSAM","Owner","Text","","","","Maria Angeline","","C","","","",""
"0D6gK000006s85JSAQ","0D5gK000006aKPlSAM","IqScore","Double","","","","","","","","","",""
"0D6gK000006s85KSAQ","0D5gK000006aKPlSAM","__RecordType__","Text","","","","","","","","","",""
"0D6gK000006sAOjSAM","0D5gK000006aMxpSAE","feedEvent","Text","","","","","","","","","",""
"0D6gK000006sAOkSAM","0D5gK000006aMxpSAE","Salutation","DynamicEnum","","","","","","","","","",""
"0D6gK000006sAOlSAM","0D5gK000006aMxpSAE","FirstName","Text","","maria","","","","","","","",""
"0D6gK000006sAOmSAM","0D5gK000006aMxpSAE","LastName","Text","","angeline","","","","","","","",""
"0D6gK000006sAOnSAM","0D5gK000006aMxpSAE","Title","Text","","lease management","","","","","","","",""
"0D6gK000006sAOoSAM","0D5gK000006aMxpSAE","Company","Text","","dr.r.v arts and science college","","","","","","","",""
"0D6gK000006sAOpSAM","0D5gK000006aMxpSAE","Phone","Phone","","1234567890","","","","","","","",""
"0D6gK000006sAOqSAM","0D5gK000006aMxpSAE","MobilePhone","Phone","","","","","","","","","",""
"0D6gK000006sAOrSAM","0D5gK000006aMxpSAE","Email","Email","","mariarvcollege2004@gmail.com","","","","","","","",""
"0D6gK000006sAOsSAM","0D5gK000006aMxpSAE","__RecordType__","Text","","","","","","","","","",""
