"Id","IsDeleted","Name","CreatedDate","CreatedById","LastModifiedDate","LastModifiedById","SystemModstamp","FlowRecordId","InteractionDefVersionId","VersionNumber","ActivatedById","ActivatedDate","ProgressStatus","ErrorCode","ErrorDetails","IsPaused","PausingUserId","PausedDate","ResumingUserId","ResumedDate","ReasonPaused","ScheduledStartDate","FlowType","Status","Description","RunInMode","ApiVersion","IsTemplate","TriggerObjectOrEventLabel","Builder","SourceTemplateId","IsOverridable","OverriddenById","OverriddenFlowId","CapacityCategory","AreMetricsLoggedToDataCloud","LastCheckedDate"
"10vgK0000063SabQAE","0","Inbound New Appointment","2025-08-25 06:35:58","005gK000006W9uMQAS","2025-08-25 06:38:31","005gK000006W9uMQAS","2025-08-25 06:38:31","2aFgK000004KN9RUAW","","1","","","InProgress","","","0","","","","","","","SchedulerApptsScrn","","","","64","1","","","","0","","","","0",""
"10vgK0000063SacQAE","0","Reassign Multiple Service Appointments","2025-08-25 06:35:58","005gK000006W9uMQAS","2025-08-25 06:38:31","005gK000006W9uMQAS","2025-08-25 06:38:31","2aFgK000004KN9SUAW","","1","","","InProgress","","","0","","","","","","","SchedulerApptsScrn","","Reassign multiple service appointments of an unavailable service resource to other available service resources.","","64","0","","","","1","","","","0",""
"10vgK0000063SadQAE","0","CMS: Submit Content for Review","2025-08-25 06:35:58","005gK000006W9uMQAS","2025-08-25 06:35:58","005gK000006W9uMQAS","2025-08-25 06:35:58","2aFgK000004KN9TUAW","","1","","","InProgress","","","0","","","","","","","Screen","","Allows a content author to conditionally view a reviewer's feedback, provide revision comments, and submit a content variant for review.","","63","1","","","","0","","","","0",""
"10vgK0000063SaeQAE","0","Outbound New Appointment","2025-08-25 06:35:58","005gK000006W9uMQAS","2025-08-25 06:38:31","005gK000006W9uMQAS","2025-08-25 06:38:31","2aFgK000004KN9UUAW","","1","","","InProgress","","","0","","","","","","","SchedulerApptsScrn","","","","64","1","","","","0","","","","0",""
"10vgK0000063SafQAE","0","Reship Order Flow","2025-08-25 06:35:58","005gK000006W9uMQAS","2025-08-25 06:38:31","005gK000006W9uMQAS","2025-08-25 06:38:31","2aFgK000004KN9VUAW","","1","","","Draft","","","0","","","","","","","Screen","","Order Management: Reship order items after fulfillment.","","64","1","","","","0","","","","0",""
"10vgK0000063SagQAE","0","Create Order Summary Flow","2025-08-25 06:35:58","005gK000006W9uMQAS","2025-08-25 06:38:31","005gK000006W9uMQAS","2025-08-25 06:38:31","2aFgK000004KN9WUAW","","1","","","Draft","","","0","","","","","","","RecTrigAfterSave","","Order Management: Create an Order Summary record from an order.","","64","1","","","","0","","","","0",""
"10vgK0000063SahQAE","0","CMS: Withdraw Review Request","2025-08-25 06:35:58","005gK000006W9uMQAS","2025-08-25 06:35:58","005gK000006W9uMQAS","2025-08-25 06:35:58","2aFgK000004KN9XUAW","","1","","","InProgress","","","0","","","","","","","Screen","","Allows a content author to withdraw a review request in order to make changes to the underlying content variant.","","63","1","","","","0","","","","0",""
"10vgK0000063SaiQAE","0","CMS: Review Content","2025-08-25 06:35:58","005gK000006W9uMQAS","2025-08-25 06:35:58","005gK000006W9uMQAS","2025-08-25 06:35:58","2aFgK000004KN9YUAW","","1","","","InProgress","","","0","","","","","","","Screen","","Allows a content manager to conditionally view a content author's feedback, provide revision comments, and approve or request revisions of a content variant.","","63","1","","","","0","","","","0",""
"10vgK0000063SajQAE","0","Create a Case","2025-08-25 06:35:58","005gK000006W9uMQAS","2025-08-25 06:38:31","005gK000006W9uMQAS","2025-08-25 06:38:31","2aFgK000004KN9ZUAW","","1","","","InProgress","","","0","","","","","","","Screen","","","","64","1","","","","0","","","","0",""
"10vgK0000063SakQAE","0","Generate Appointment Invitation","2025-08-25 06:35:58","005gK000006W9uMQAS","2025-08-25 06:38:31","005gK000006W9uMQAS","2025-08-25 06:38:31","2aFgK000004KN9aUAG","","1","","","InProgress","","","0","","","","","","","SchedulerApptsScrn","","Creates an appointment invitation for internal or credentialed external users that can be shared with anyone.","","64","1","","","","0","","","","0",""
"10vgK0000063SalQAE","0","Outbound Modify Appointment","2025-08-25 06:35:58","005gK000006W9uMQAS","2025-08-25 06:38:31","005gK000006W9uMQAS","2025-08-25 06:38:31","2aFgK000004KN9bUAG","","1","","","InProgress","","","0","","","","","","","SchedulerApptsScrn","","","","58","1","","","","0","","","","0",""
"10vgK0000063SamQAE","0","Basic Approval Request","2025-08-25 06:35:58","005gK000006W9uMQAS","2025-08-25 06:35:58","005gK000006W9uMQAS","2025-08-25 06:35:58","2aFgK000004KN9cUAG","","1","","","InProgress","","","0","","","","","","","CmsOrchAutolnch","","Allows a content author to submit a content variant for content manager review, and allows for content variant revisions before the content manager approves for publication.","SystemModeWithoutSharing","63","1","","","","0","","","","0",""
"10vgK0000063SanQAE","0","Send Appointment Invitation to Actionable List Members","2025-08-25 06:35:58","005gK000006W9uMQAS","2025-08-25 06:38:31","005gK000006W9uMQAS","2025-08-25 06:38:31","2aFgK000004KN9dUAG","","1","","","InProgress","","","0","","","","","","","SchedulerApptsScrn","","Creates an appointment invitation for internal and credentialed external users, and sends that invitation to the selected members of the actionable list.","","64","0","","","","1","","","","0",""
"10vgK0000063SaoQAE","0","Modify Guest Service Appointment","2025-08-25 06:35:58","005gK000006W9uMQAS","2025-08-25 06:38:32","005gK000006W9uMQAS","2025-08-25 06:38:32","2aFgK000004KN9eUAG","","1","","","InProgress","","","0","","","","","","","SchedulerApptsScrn","","Modifies or cancels a service appointment for an unauthenticated user.","DefaultMode","64","1","","","","0","","","","0",""
"10vgK0000063SapQAE","0","Create Process Exception Flow","2025-08-25 06:35:58","005gK000006W9uMQAS","2025-08-25 06:38:32","005gK000006W9uMQAS","2025-08-25 06:38:32","2aFgK000004KN9fUAG","","1","","","Draft","","","0","","","","","","","PfrmEvntTrig","","Create a process exception record from a process exception event.","","64","1","","","","0","","","","0",""
"10vgK0000063SaqQAE","0","Find Contact Associated with Messaging Session","2025-08-25 06:35:58","005gK000006W9uMQAS","2025-08-25 06:38:32","005gK000006W9uMQAS","2025-08-25 06:38:32","2aFgK000004KN9gUAG","","1","","","InProgress","","","0","","","","","","","IndividualObjLinkingScrn","","Gets a contact record associated with the messaging user from a specified messaging session.","","64","1","","","","0","","","","0",""
"10vgK0000063SarQAE","0","CMS: Check Whether Any Step is Completed","2025-08-25 06:35:58","005gK000006W9uMQAS","2025-08-25 06:35:58","005gK000006W9uMQAS","2025-08-25 06:35:58","2aFgK000004KN9hUAG","","1","","","InProgress","","","0","","","","","","","EvaluationAutolnch","","Determines whether either of two specified steps in a stage has completed.","","63","1","","","","0","","","","0",""
"10vgK0000063SasQAE","0","Inbound New Guest Appointment","2025-08-25 06:35:58","005gK000006W9uMQAS","2025-08-25 06:38:32","005gK000006W9uMQAS","2025-08-25 06:38:32","2aFgK000004KN9iUAG","","1","","","InProgress","","","0","","","","","","","SchedulerApptsScrn","","","DefaultMode","64","1","","","","0","","","","0",""
"10vgK0000063SatQAE","0","Orchestration flow for Recurrence Scheduler","2025-08-25 06:35:58","005gK000006W9uMQAS","2025-08-25 06:38:32","005gK000006W9uMQAS","2025-08-25 06:38:32","2aFgK000004KN9jUAG","","1","","","InProgress","","","0","","","","","","","SchdTrig","","","","64","1","","","","0","","","","0",""
"10vgK0000063SauQAE","0","Inbound Modify Appointment","2025-08-25 06:35:58","005gK000006W9uMQAS","2025-08-25 06:38:32","005gK000006W9uMQAS","2025-08-25 06:38:32","2aFgK000004KN9kUAG","","1","","","InProgress","","","0","","","","","","","SchedulerApptsScrn","","","","64","1","","","","0","","","","0",""
"10vgK0000063SavQAE","0","Reset Password","2025-08-25 06:35:58","005gK000006W9uMQAS","2025-08-25 06:38:32","005gK000006W9uMQAS","2025-08-25 06:38:32","2aFgK000004KN9lUAG","","1","","","InProgress","","","0","","","","","","","Screen","","","","49","1","","","","0","","","","0",""
"10vgK0000063SawQAE","0","Enroll or Unenroll Service Appointment Attendees","2025-08-25 06:35:58","005gK000006W9uMQAS","2025-08-25 06:38:32","005gK000006W9uMQAS","2025-08-25 06:38:32","2aFgK000004KN9mUAG","","1","","","InProgress","","","0","","","","","","","SchedulerApptsScrn","","Enrolls or unenrolls a service appointment attendee from a group service appointment.","","64","1","","","","0","","","","0",""
"10vgK0000063SaxQAE","0","Enablement: Send Feedback Ready Notification","2025-08-25 06:35:58","005gK000006W9uMQAS","2025-08-25 06:38:32","005gK000006W9uMQAS","2025-08-25 06:38:32","2aFgK000004KN9nUAG","","1","","","InProgress","","","0","","","","","","","RecTrigAfterSave","","Notifies Enablement users when they receive feedback on their content.","","64","0","","","","1","","","","0",""
"10vgK0000063SayQAE","0","Inbound Cancel Appointment","2025-08-25 06:35:58","005gK000006W9uMQAS","2025-08-25 06:38:32","005gK000006W9uMQAS","2025-08-25 06:38:32","2aFgK000004KN9oUAG","","1","","","InProgress","","","0","","","","","","","SchedulerApptsScrn","","","","64","1","","","","0","","","","0",""
"10vgK0000063SazQAE","0","Create Waitlist","2025-08-25 06:35:58","005gK000006W9uMQAS","2025-08-25 06:38:32","005gK000006W9uMQAS","2025-08-25 06:38:32","2aFgK000004KN9pUAG","","1","","","InProgress","","","0","","","","","","","SchedulerApptsScrn","","Create a waitlist to manage drop-in customers for a service territory.","","64","1","","","","0","","","","0",""
"10vgK0000063Sb0QAE","0","Return Item Flow","2025-08-25 06:35:58","005gK000006W9uMQAS","2025-08-25 06:38:32","005gK000006W9uMQAS","2025-08-25 06:38:32","2aFgK000004KN9qUAG","","1","","","Draft","","","0","","","","","","","Screen","","Order Management: Return order items after fulfillment.","","64","1","","","","0","","","","0",""
"10vgK0000063Sb1QAE","0","Even Exchange Flow","2025-08-25 06:35:58","005gK000006W9uMQAS","2025-08-25 06:38:32","005gK000006W9uMQAS","2025-08-25 06:38:32","2aFgK000004KN9rUAG","","1","","","Draft","","","0","","","","","","","Screen","","Order Management: Even Exchange order products before fulfillment.","","64","1","","","","0","","","","0",""
"10vgK0000063Sb2QAE","0","Discount Flow","2025-08-25 06:35:58","005gK000006W9uMQAS","2025-08-25 06:38:32","005gK000006W9uMQAS","2025-08-25 06:38:32","2aFgK000004KN9sUAG","","1","","","Draft","","","0","","","","","","","Screen","","Order Management: Apply discounts to order items.","","64","1","","","","0","","","","0",""
"10vgK0000063Sb3QAE","0","CMS: Notify Content Author","2025-08-25 06:35:58","005gK000006W9uMQAS","2025-08-25 06:35:58","005gK000006W9uMQAS","2025-08-25 06:35:58","2aFgK000004KN9tUAG","","1","","","InProgress","","","0","","","","","","","Screen","","Notifies the content author that their content variant has been approved, and allows the content author to conditionally view the final feedback for the content variant.","","63","1","","","","0","","","","0",""
"10vgK0000063Sb4QAE","0","Add or Modify Service Appointment Attendees","2025-08-25 06:35:58","005gK000006W9uMQAS","2025-08-25 06:38:32","005gK000006W9uMQAS","2025-08-25 06:38:32","2aFgK000004KN9uUAG","","1","","","InProgress","","","0","","","","","","","SchedulerApptsScrn","","Add, modify, or delete a service appointment attendee record from a group service appointment.","","64","0","","","","1","","","","0",""
"10vgK0000063Sb5QAE","0","Generate Payment Link","2025-08-25 06:35:58","005gK000006W9uMQAS","2025-08-25 06:38:32","005gK000006W9uMQAS","2025-08-25 06:38:32","2aFgK000004KN9vUAG","","1","","","InProgress","","","0","","","","","","","Screen","","","","64","1","","","","0","","","","0",""
"10vgK0000063Sb6QAE","0","RMA Return Items","2025-08-25 06:35:58","005gK000006W9uMQAS","2025-08-25 06:38:32","005gK000006W9uMQAS","2025-08-25 06:38:32","2aFgK000004KN9wUAG","","1","","","Draft","","","0","","","","","","","Screen","","Order Management: Return order items RMA after fulfillment.","","64","1","","","","0","","","","0",""
"10vgK0000063Sb7QAE","0","Recurrence Schedule Flow","2025-08-25 06:35:58","005gK000006W9uMQAS","2025-08-25 06:38:32","005gK000006W9uMQAS","2025-08-25 06:38:32","2aFgK000004KN9xUAG","","1","","","InProgress","","","0","","","","","","","AutolnchNoTrig","","Flow for creating object items from Recurrence Scheduler Records","","64","0","","","","0","","","","0",""
"10vgK0000063Sb8QAE","0","RMA Create Credit Memo and Ensure Refunds Flow","2025-08-25 06:35:58","005gK000006W9uMQAS","2025-08-25 06:38:33","005gK000006W9uMQAS","2025-08-25 06:38:33","2aFgK000004KN9yUAG","","1","","","Draft","","","0","","","","","","","RecTrigAfterSave","","Order Management: Create a credit memo and ensure refunds for a return order.","","64","1","","","","0","","","","0",""
"10vgK0000063Sb9QAE","0","Verify Identity","2025-08-25 06:35:58","005gK000006W9uMQAS","2025-08-25 06:38:33","005gK000006W9uMQAS","2025-08-25 06:38:33","2aFgK000004KN9zUAG","","1","","","InProgress","","","0","","","","","","","Screen","","","","49","1","","","","0","","","","0",""
"10vgK0000063SbAQAU","0","Cancel Item Flow","2025-08-25 06:35:58","005gK000006W9uMQAS","2025-08-25 06:38:33","005gK000006W9uMQAS","2025-08-25 06:38:33","2aFgK000004KNA0UAO","","1","","","Draft","","","0","","","","","","","Screen","","Order Management: Cancel order items before fulfillment.","","64","1","","","","0","","","","0",""
"10vgK0000063SbBQAU","0","Exchanges with RMA Returns","2025-08-25 06:35:58","005gK000006W9uMQAS","2025-08-25 06:35:58","005gK000006W9uMQAS","2025-08-25 06:35:58","2aFgK000004KNA1UAO","","1","","","Draft","","","0","","","","","","","Screen","","Order Management: Return order items RMA and create Exchange after fulfillment.","","63","1","","","","0","","","","0",""
"10vgK0000063SbCQAU","0","Book Appointment from Invitation","2025-08-25 06:35:58","005gK000006W9uMQAS","2025-08-25 06:38:33","005gK000006W9uMQAS","2025-08-25 06:38:33","2aFgK000004KNA2UAO","","1","","","InProgress","","","0","","","","","","","SchedulerApptsScrn","","Use an appointment invitation to book an appointment.","DefaultMode","64","1","","","","0","","","","0",""
"10vgK0000063SbDQAU","0","Order on Behalf Of Flow","2025-08-25 06:35:58","005gK000006W9uMQAS","2025-08-25 06:35:58","005gK000006W9uMQAS","2025-08-25 06:35:58","2aFgK000004KNA3UAO","","1","","","Draft","","","0","","","","","","","Screen","","Order Management: Place an order.","","63","1","","","","0","","","","0",""
"10vgK0000063SbEQAU","0","Check Service Plan Eligibility","2025-08-25 06:35:58","005gK000006W9uMQAS","2025-08-25 06:38:32","005gK000006W9uMQAS","2025-08-25 06:38:32","2aFgK000004KNA4UAO","","1","","","Draft","","","0","","","","","","","AutolnchNoTrig","","Checks whether a case meets the eligibility criteria to generate an Einstein service plan.","DefaultMode","64","1","","","","0","","","","0",""
"10vgK0000063SbFQAU","0","Deploy Data Kit Component","2025-08-25 06:35:58","005gK000006W9uMQAS","2025-08-25 06:35:58","005gK000006W9uMQAS","2025-08-25 06:35:58","2aFgK000004KNA5UAO","","1","","","InProgress","","","0","","","","","","","AutolnchNoTrig","","The flow deploys DataKit components in a sequential manner. It iterates through each DataKit component, deploying them one by one, and waits for a deployment event to check the status before moving on to the next component. This flow utilizes a DataKit deployment invocable action and a DataKit deployment event.","","62","1","","","","0","","","","",""
"10vgK0000063SbGQAU","0","Close Change Request & Related Issues","2025-08-25 06:35:58","005gK000006W9uMQAS","2025-08-25 06:38:31","005gK000006W9uMQAS","2025-08-25 06:38:31","2aFgK000004KNA6UAO","","1","","","Draft","","","0","","","","","","","Screen","","Closes a Change Request and attempts to close its related Incidents, Problems, and Cases.","","64","1","","","","0","","","","0",""
"10vgK0000063SbHQAU","0","Change Case Owner to Incident Owner","2025-08-25 06:35:58","005gK000006W9uMQAS","2025-08-25 06:38:31","005gK000006W9uMQAS","2025-08-25 06:38:31","2aFgK000004KNA7UAO","","1","","","Draft","","","0","","","","","","","Screen","","When Cases are identified as part of an Incident, change the Case owner to the Incident owner.","","64","1","","","","0","","","","0",""
"10vgK0000063SbIQAU","0","Approvals Workflow: Process Approval Submission","2025-08-25 06:35:58","005gK000006W9uMQAS","2025-08-25 06:38:31","005gK000006W9uMQAS","2025-08-25 06:38:31","2aFgK000004KNA8UAO","","1","","","InProgress","","","0","","","","","","","Screen","","Allows a user to process a submission for Standard Approvals or Advanced Approvals. For an approval submission, allows a user to recall or cancel. For an approval work item, allows a user to reassign, review as the assignee, or override the assignee and review as an approval admin.","DefaultMode","64","0","","","","0","","","","0",""
"10vgK0000063SbJQAU","0","Set Payment Rates","2025-08-25 06:35:58","005gK000006W9uMQAS","2025-08-25 06:38:31","005gK000006W9uMQAS","2025-08-25 06:38:31","2aFgK000004KNA9UAO","","1","","","InProgress","","","0","","","","","","","SchedulerApptsScrn","","","","64","1","","","","0","","","","0",""
"10vgK0000063SbKQAU","0","Get Work Types","2025-08-25 06:35:58","005gK000006W9uMQAS","2025-08-25 06:35:58","005gK000006W9uMQAS","2025-08-25 06:35:58","2aFgK000004KNAAUA4","","1","","","InProgress","","","0","","","","","","","AutolnchNoTrig","","Get the Work Types","","63","0","","","","1","","","","0",""
"10vgK0000063SbLQAU","0","Approvals Workflow: Evaluate Approval Requests","2025-08-25 06:35:58","005gK000006W9uMQAS","2025-08-25 06:38:31","005gK000006W9uMQAS","2025-08-25 06:38:31","2aFgK000004KNABUA4","","1","","","InProgress","","","0","","","","","","","Screen","","Evaluate advanced approval requests to approve or deny them while optionally leaving comments.","","64","1","","","","0","","","","0",""
"10vgK0000063SbMQAU","0","Pay for Service Appointments","2025-08-25 06:35:58","005gK000006W9uMQAS","2025-08-25 06:38:32","005gK000006W9uMQAS","2025-08-25 06:38:32","2aFgK000004KNACUA4","","1","","","InProgress","","","0","","","","","","","SchedulerApptsScrn","","","","64","1","","","","0","","","","0",""
"10vgK0000063SbNQAU","0","Report an Incident","2025-08-25 06:35:58","005gK000006W9uMQAS","2025-08-25 06:35:58","005gK000006W9uMQAS","2025-08-25 06:35:58","2aFgK000004KNADUA4","","1","","","InProgress","","","0","","","","","","","Screen","","","","63","0","","","","0","","","","0",""
"10vgK0000063SbOQAU","0","Messages Routed to Agents and Queues","2025-08-25 06:35:58","005gK000006W9uMQAS","2025-08-25 06:38:32","005gK000006W9uMQAS","2025-08-25 06:38:32","2aFgK000004KNAEUA4","","1","","","InProgress","","","0","","","","","","","RoutingAutolnch","","Routes each message to an agent or queue based on conditions that you define.","","64","1","","","","0","","","","0",""
"10vgK0000063SbPQAU","0","Voice Calls Routed to Basic Queue with Case Creation","2025-08-25 06:35:58","005gK000006W9uMQAS","2025-08-25 06:38:32","005gK000006W9uMQAS","2025-08-25 06:38:32","2aFgK000004KNAFUA4","","1","","","Draft","","","0","","","","","","","RoutingAutolnch","","Routes each call to the default queue (Basic Queue) and, if the agent accepts, screen pops the new case for this call and identifies the caller.","","56","1","","","","0","","","","0",""
"10vgK0000063SbQQAU","0","Voice Calls Routed to Agents and Queues","2025-08-25 06:35:58","005gK000006W9uMQAS","2025-08-25 06:38:32","005gK000006W9uMQAS","2025-08-25 06:38:32","2aFgK000004KNAGUA4","","1","","","InProgress","","","0","","","","","","","RoutingAutolnch","","Routes each call to an agent or queue based on conditions that you define.","","64","1","","","","0","","","","0",""
"10vgK0000063SbRQAU","0","Chats Routed to Agents and Queues","2025-08-25 06:35:58","005gK000006W9uMQAS","2025-08-25 06:38:32","005gK000006W9uMQAS","2025-08-25 06:38:32","2aFgK000004KNAHUA4","","1","","","InProgress","","","0","","","","","","","RoutingAutolnch","","Routes each chat to an agent or queue based on conditions that you define.","","64","1","","","","0","","","","0",""
"10vgK0000063SbSQAU","0","Chats Routed to Agents with the Right Skills","2025-08-25 06:35:58","005gK000006W9uMQAS","2025-08-25 06:38:32","005gK000006W9uMQAS","2025-08-25 06:38:32","2aFgK000004KNAIUA4","","1","","","InProgress","","","0","","","","","","","RoutingAutolnch","","Routes each chat to an agent with the required skills based on conditions that you define.","","64","1","","","","0","","","","0",""
"10vgK0000063SbTQAU","0","Field Service: Update Appointment Arrival Window","2025-08-25 06:35:58","005gK000006W9uMQAS","2025-08-25 06:35:58","005gK000006W9uMQAS","2025-08-25 06:35:58","2aFgK000004KNAJUA4","","1","","","InProgress","","","0","","","","","","","AutolnchNoTrig","","Updates a service appointment?s arrival window start and end times. If the given values for arrival window start and end times are empty, both fields are cleared. If only one of the fields is given, the isSuccess parameter is marked as False.","","49","0","","","","1","","","","0",""
"10vgK0000063SbUQAU","0","Field Service: Get Service Appointment Time Zone","2025-08-25 06:35:58","005gK000006W9uMQAS","2025-08-25 06:35:58","005gK000006W9uMQAS","2025-08-25 06:35:58","2aFgK000004KNAKUA4","","1","","","InProgress","","","0","","","","","","","AutolnchNoTrig","","Gets the time zone from the operating hours of a service appointment?s service territory. If the service appointment doesn't have a service territory, gets the time zone from the default operating hours.","","49","0","","","","1","","","","0",""
"10vgK0000063SbVQAU","0","Field Service: Create Service Appointment","2025-08-25 06:35:58","005gK000006W9uMQAS","2025-08-25 06:35:58","005gK000006W9uMQAS","2025-08-25 06:35:58","2aFgK000004KNALUA4","","1","","","InProgress","","","0","","","","","","","AutolnchNoTrig","","Creates a work order and a service appointment based on the contact and work type.","","49","0","","","","1","","","","0",""
"10vgK0000063SbWQAU","0","Get Verification ContactId","2025-08-25 06:35:58","005gK000006W9uMQAS","2025-08-25 06:35:58","005gK000006W9uMQAS","2025-08-25 06:35:58","2aFgK000004KNAMUA4","","1","","","InProgress","","","0","","","","","","","AutolnchNoTrig","","","","63","0","","","","1","","","","0",""
"10vgK0000063SbXQAU","0","Is External Agent","2025-08-25 06:35:58","005gK000006W9uMQAS","2025-08-25 06:35:58","005gK000006W9uMQAS","2025-08-25 06:35:58","2aFgK000004KNANUA4","","1","","","InProgress","","","0","","","","","","","AutolnchNoTrig","","","","49","0","","","","1","","","","0",""
"10vgK0000063SbYQAU","0","Cancel Appointment","2025-08-25 06:35:58","005gK000006W9uMQAS","2025-08-25 06:35:58","005gK000006W9uMQAS","2025-08-25 06:35:58","2aFgK000004KNAOUA4","","1","","","InProgress","","","0","","","","","","","AutolnchNoTrig","","","","63","0","","","","1","","","","0",""
"10vgK0000063SbZQAU","0","Field Service: Get Service Appointments Information","2025-08-25 06:35:58","005gK000006W9uMQAS","2025-08-25 06:35:58","005gK000006W9uMQAS","2025-08-25 06:35:58","2aFgK000004KNAPUA4","","1","","","InProgress","","","0","","","","","","","AutolnchNoTrig","","","","49","0","","","","1","","","","0",""
"10vgK0000063SbaQAE","0","Field Service: Get Appointment Time Slots","2025-08-25 06:35:58","005gK000006W9uMQAS","2025-08-25 06:35:58","005gK000006W9uMQAS","2025-08-25 06:35:58","2aFgK000004KNAQUA4","","1","","","InProgress","","","0","","","","","","","AutolnchNoTrig","","Gets available appointment time slots based on the time zone, operating hours, and scheduling policy parameters.","","63","0","","","","1","","","","0",""
"10vgK0000063SbbQAE","0","Field Service: Schedule Service Appointment","2025-08-25 06:35:58","005gK000006W9uMQAS","2025-08-25 06:35:58","005gK000006W9uMQAS","2025-08-25 06:35:58","2aFgK000004KNARUA4","","1","","","InProgress","","","0","","","","","","","AutolnchNoTrig","","Schedules a service appointment for a given service appointment ID and scheduling policy name (optional).","","63","0","","","","1","","","","0",""
"10vgK0000063SbcQAE","0","Authentication Provider User Registration","2025-08-25 06:35:58","005gK000006W9uMQAS","2025-08-25 06:38:32","005gK000006W9uMQAS","2025-08-25 06:38:32","2aFgK000004KNASUA4","","1","","","Draft","","","0","","","","","","","IdentityUserRgstrAutolnch","","Creates and updates a user during a single sign-on process that uses an authentication provider.","DefaultMode","64","1","","","","0","","","","0",""
"10vgK0000063SbdQAE","0","Get External Storage Upload Config","2025-08-25 06:35:58","005gK000006W9uMQAS","2025-08-25 06:38:31","005gK000006W9uMQAS","2025-08-25 06:38:31","2aFgK000004KNATUA4","","1","","","Draft","","","0","","","","","","","AutolnchNoTrig","","Gets upload configuration for content hub repositorys","","64","1","","","","0","","","","0",""
"10vgK0000063SbeQAE","0","Process Simple Approval","2025-08-25 06:35:58","005gK000006W9uMQAS","2025-08-25 06:38:31","005gK000006W9uMQAS","2025-08-25 06:38:31","2aFgK000004KNAUUA4","","1","","","InProgress","","","0","","","","","","","ApprovalOrchAutolnch","","Submits a record for approval by a single reviewer.","SystemModeWithoutSharing","64","1","","","","0","","","","0",""
"10vgK0000063SbfQAE","0","Create Work Order from Case","2025-08-25 06:35:58","005gK000006W9uMQAS","2025-08-25 06:38:31","005gK000006W9uMQAS","2025-08-25 06:38:31","2aFgK000004KNAVUA4","","1","","","Draft","","","0","","","","","","","Screen","","Copies case details, like customer and asset information, to create a work order from a case.","","64","1","","","","0","","","","0",""
"10vgK0000063SbgQAE","0","Check Flow API Name","2025-08-25 06:35:58","005gK000006W9uMQAS","2025-08-25 06:38:32","005gK000006W9uMQAS","2025-08-25 06:38:32","2aFgK000004KNAWUA4","","1","","","InProgress","","","0","","","","","","","AutolnchNoTrig","","Determines if the specified flow API name is already in use.","DefaultMode","64","0","","","","0","","","","0",""
"10vgK0000063SbhQAE","0","Review Approval Request","2025-08-25 06:35:58","005gK000006W9uMQAS","2025-08-25 06:38:32","005gK000006W9uMQAS","2025-08-25 06:38:32","2aFgK000004KNAXUA4","","1","","","InProgress","","","0","","","","","","","Screen","","Displays information about a record to be approved and allows the reviewer to approve or reject it. The approver can optionally add comments about their decision.","","64","1","","","","0","","","","0",""
"10vgK0000063SbiQAE","0","Create Draft Flow Approval Process","2025-08-25 06:35:58","005gK000006W9uMQAS","2025-08-25 06:38:33","005gK000006W9uMQAS","2025-08-25 06:38:33","2aFgK000004KNAYUA4","","1","","","InProgress","","","0","","","","","","","Screen","","Creates a draft flow approval process using information provided by the flow user.","","64","0","","","","0","","","","0",""
"10vgK0000063TRpQAM","0","Create Sales Person Account Record","2025-08-25 06:38:31","005gK000006W9uMQAS","2025-08-25 06:38:31","005gK000006W9uMQAS","2025-08-25 06:38:31","2aFgK000004KO2HUAW","","1","","","InProgress","","","0","","","","","","","AutolnchNoTrig","","Searches for an existing person account record. If one isn?t found, creates a new person account record.","","64","0","","","","1","","","","0",""
"10vgK0000063TRqQAM","0","Create Sales Contact Record","2025-08-25 06:38:31","005gK000006W9uMQAS","2025-08-25 06:38:31","005gK000006W9uMQAS","2025-08-25 06:38:31","2aFgK000004KO2IUAW","","1","","","InProgress","","","0","","","","","","","AutolnchNoTrig","","Searches for an existing contact record. If one isn?t found, creates a new contact record.","","64","0","","","","1","","","","0",""
"10vgK0000063TRrQAM","0","Create Sales Lead Record","2025-08-25 06:38:31","005gK000006W9uMQAS","2025-08-25 06:38:31","005gK000006W9uMQAS","2025-08-25 06:38:31","2aFgK000004KO2JUAW","","1","","","InProgress","","","0","","","","","","","AutolnchNoTrig","","Searches for an existing lead record. If one isn?t found, creates a new lead record.","","64","0","","","","1","","","","0",""
