"Id","IsDeleted","Name","CreatedDate","CreatedById","LastModifiedDate","LastModifiedById","SystemModstamp","ManagedContentSpaceId","ModuleDefinition","ModuleStatus"
"0sMgK0000038fqfUAA","0","ChannelManagement","2025-08-25 06:35:58","005gK000006W9uMQAS","2025-08-25 06:35:58","005gK000006W9uMQAS","2025-08-25 06:35:58","0ZugK00000395ZpSAI","sfdc_cms__channelManagement","ENABLED"
"0sMgK0000038fqgUAA","0","Common","2025-08-25 06:35:58","005gK000006W9uMQAS","2025-08-25 06:35:58","005gK000006W9uMQAS","2025-08-25 06:35:58","0ZugK00000395ZpSAI","sfdc_cms__common","ENABLED"
"0sMgK0000038fqhUAA","0","ExportImport","2025-08-25 06:35:58","005gK000006W9uMQAS","2025-08-25 06:35:58","005gK000006W9uMQAS","2025-08-25 06:35:58","0ZugK00000395ZpSAI","sfdc_cms__exportImport","ENABLED"
"0sMgK0000038fqiUAA","0","Folder Share","2025-08-25 06:35:58","005gK000006W9uMQAS","2025-08-25 06:35:58","005gK000006W9uMQAS","2025-08-25 06:35:58","0ZugK00000395ZpSAI","sfdc_cms__folderShare","ENABLED"
"0sMgK0000038fqjUAA","0","Localization","2025-08-25 06:35:58","005gK000006W9uMQAS","2025-08-25 06:35:58","005gK000006W9uMQAS","2025-08-25 06:35:58","0ZugK00000395ZpSAI","sfdc_cms__localization","ENABLED"
"0sMgK0000038fqkUAA","0","Metadata","2025-08-25 06:35:58","005gK000006W9uMQAS","2025-08-25 06:35:58","005gK000006W9uMQAS","2025-08-25 06:35:58","0ZugK00000395ZpSAI","sfdc_cms__metadata","ENABLED"
"0sMgK0000038fqlUAA","0","Packaging","2025-08-25 06:35:58","005gK000006W9uMQAS","2025-08-25 06:35:58","005gK000006W9uMQAS","2025-08-25 06:35:58","0ZugK00000395ZpSAI","sfdc_cms__packaging","ENABLED"
"0sMgK0000038fqmUAA","0","UserManagement","2025-08-25 06:35:58","005gK000006W9uMQAS","2025-08-25 06:35:58","005gK000006W9uMQAS","2025-08-25 06:35:58","0ZugK00000395ZpSAI","sfdc_cms__userManagement","ENABLED"
"0sMgK0000038fqnUAA","0","Enablement Authoring Lesson","2025-08-25 06:35:58","005gK000006W9uMQAS","2025-08-25 06:35:58","005gK000006W9uMQAS","2025-08-25 06:35:58","0ZugK00000395ZpSAI","sfdc_enablement__authoring_lesson","ENABLED"
