"Id","IsDeleted","AccountId","IsPrivate","Name","Description","StageName","StageSortOrder","Amount","Probability","ExpectedRevenue","TotalOpportunityQuantity","CloseDate","Type","NextStep","LeadSource","IsClosed","IsWon","ForecastCategory","ForecastCategoryName","CampaignId","HasOpportunityLineItem","Pricebook2Id","OwnerId","CreatedDate","CreatedById","LastModifiedDate","LastModifiedById","SystemModstamp","LastActivityDate","LastStageChangeDate","FiscalYear","FiscalQuarter","ContactId","PrimaryPartnerAccountId","ContractId","LastAmountChangedHistoryId","LastCloseDateChangedHistoryId","DeliveryInstallationStatus__c","TrackingNumber__c","OrderNumber__c","CurrentGenerators__c","MainCompetitors__c"
"006gK000004uq9qQAA","0","001gK00000HZCawQAH","0","Dickenson Mobile Generators","","Qualification","2","15000","10","1500","","2025-07-02 00:00:00","New Customer","","Purchased List","0","0","Pipeline","Pipeline","000000000000000AAA","","","005gK000006W7m6QAC","2025-08-25 06:35:58","005gK000006W7m6QAC","2025-08-25 06:35:58","005gK000006W7m6QAC","2025-08-25 06:35:58","","","2015","1","000000000000000AAA","","","","","","","","","Honda"
"006gK000004uq9rQAA","0","001gK00000HZCayQAH","0","United Oil Office Portable Generators","","Negotiation/Review","8","125000","90","112500","","2025-06-20 00:00:00","Existing Customer - Upgrade","","","0","0","Pipeline","Pipeline","000000000000000AAA","","","005gK000006W7m6QAC","2025-08-25 06:35:58","005gK000006W7m6QAC","2025-08-25 06:35:58","005gK000006W7m6QAC","2025-08-25 06:35:58","","","2015","1","000000000000000AAA","","","","","","","","Yamaha","Yamaha"
"006gK000004uq9sQAA","0","001gK00000HZCazQAH","0","Express Logistics Standby Generator","","Closed Won","9","220000","100","220000","","2025-05-16 00:00:00","New Customer","","Trade Show","1","1","Closed","Closed","000000000000000AAA","","","005gK000006W7m6QAC","2025-08-25 06:35:58","005gK000006W7m6QAC","2025-08-25 06:35:58","005gK000006W7m6QAC","2025-08-25 06:35:58","","","2015","1","000000000000000AAA","","","","","","830150301420","653276","Hawkpower","Fujitsu"
"006gK000004uq9tQAA","0","001gK00000HZCb3QAH","0","GenePoint Standby Generator","","Closed Won","9","85000","100","85000","","2025-06-23 00:00:00","New Customer","","Partner","1","1","Closed","Closed","000000000000000AAA","","","005gK000006W7m6QAC","2025-08-25 06:35:58","005gK000006W7m6QAC","2025-08-25 06:35:58","005gK000006W7m6QAC","2025-08-25 06:35:58","","","2015","1","000000000000000AAA","","","","","Completed","830150301420","908676","Honda","Honda"
"006gK000004uq9uQAA","0","001gK00000HZCaxQAH","0","Grand Hotels Kitchen Generator","","Id. Decision Makers","5","15000","60","9000","","2025-05-11 00:00:00","Existing Customer - Upgrade","","","0","0","Pipeline","Pipeline","000000000000000AAA","","","005gK000006W7m6QAC","2025-08-25 06:35:58","005gK000006W7m6QAC","2025-08-25 06:35:58","005gK000006W7m6QAC","2025-08-25 06:35:58","","","2015","1","000000000000000AAA","","","","","Yet to begin","","","John Deere","Fujitsu, Hawkpower"
"006gK000004uq9vQAA","0","001gK00000HZCayQAH","0","United Oil Refinery Generators","","Proposal/Price Quote","7","270000","75","202500","","2025-08-04 00:00:00","Existing Customer - Upgrade","","","0","0","Pipeline","Pipeline","000000000000000AAA","","","005gK000006W7m6QAC","2025-08-25 06:35:58","005gK000006W7m6QAC","2025-08-25 06:35:58","005gK000006W7m6QAC","2025-08-25 06:35:58","","","2015","2","000000000000000AAA","","","","","Yet to begin","","","Caterpillar","John Deere"
"006gK000004uq9wQAA","0","001gK00000HZCayQAH","0","United Oil SLA","","Closed Won","9","120000","100","120000","","2025-08-11 00:00:00","Existing Customer - Upgrade","","Partner","1","1","Closed","Closed","000000000000000AAA","","","005gK000006W7m6QAC","2025-08-25 06:35:58","005gK000006W7m6QAC","2025-08-25 06:35:58","005gK000006W7m6QAC","2025-08-25 06:35:58","","","2015","2","000000000000000AAA","","","","","In progress","","926363","",""
"006gK000004uq9xQAA","0","001gK00000HZCaxQAH","0","Grand Hotels Guest Portable Generators","","Value Proposition","4","250000","50","125000","","2025-08-19 00:00:00","Existing Customer - Upgrade","","Employee Referral","0","0","Pipeline","Pipeline","000000000000000AAA","","","005gK000006W7m6QAC","2025-08-25 06:35:58","005gK000006W7m6QAC","2025-08-25 06:35:58","005gK000006W7m6QAC","2025-08-25 06:35:58","","","2015","2","000000000000000AAA","","","","","Yet to begin","","","Honda","Honda"
"006gK000004uq9yQAA","0","001gK00000HZCatQAH","0","Edge Emergency Generator","","Closed Won","9","75000","100","75000","","2025-08-19 00:00:00","New Customer","","Word of mouth","1","1","Closed","Closed","000000000000000AAA","","","005gK000006W7m6QAC","2025-08-25 06:35:58","005gK000006W7m6QAC","2025-08-25 06:35:58","005gK000006W7m6QAC","2025-08-25 06:35:58","","","2015","2","000000000000000AAA","","","","","Completed","830150301420","731645","John Deere","John Deere"
"006gK000004uq9zQAA","0","001gK00000HZCb0QAH","0","University of AZ Portable Generators","","Closed Won","9","50000","100","50000","","2025-05-20 00:00:00","New Customer","","Public Relations","1","1","Closed","Closed","000000000000000AAA","","","005gK000006W7m6QAC","2025-08-25 06:35:58","005gK000006W7m6QAC","2025-08-25 06:35:58","005gK000006W7m6QAC","2025-08-25 06:35:58","","","2015","1","000000000000000AAA","","","","","Completed","830150301360","768934","Mitsubishi","Honda, Mitsubishi"
"006gK000004uqA0QAI","0","001gK00000HZCavQAH","0","Pyramid Emergency Generators","","Prospecting","1","100000","10","10000","","2025-06-28 00:00:00","","","Phone Inquiry","0","0","Pipeline","Pipeline","000000000000000AAA","","","005gK000006W7m6QAC","2025-08-25 06:35:58","005gK000006W7m6QAC","2025-08-25 06:35:58","005gK000006W7m6QAC","2025-08-25 06:35:58","","","2015","1","000000000000000AAA","","","","","","","","",""
"006gK000004uqA1QAI","0","001gK00000HZCazQAH","0","Express Logistics Portable Truck Generators","","Value Proposition","4","80000","50","40000","","2025-05-14 00:00:00","Existing Customer - Upgrade","","External Referral","0","0","Pipeline","Pipeline","000000000000000AAA","","","005gK000006W7m6QAC","2025-08-25 06:35:58","005gK000006W7m6QAC","2025-08-25 06:35:58","005gK000006W7m6QAC","2025-08-25 06:35:58","","","2015","1","000000000000000AAA","","","","","Yet to begin","","","Fujitsu","Honda"
"006gK000004uqA2QAI","0","001gK00000HZCb3QAH","0","GenePoint Lab Generators","","Id. Decision Makers","5","60000","60","36000","","2025-08-13 00:00:00","","","","0","0","Pipeline","Pipeline","000000000000000AAA","","","005gK000006W7m6QAC","2025-08-25 06:35:58","005gK000006W7m6QAC","2025-08-25 06:35:58","005gK000006W7m6QAC","2025-08-25 06:35:58","","","2015","2","000000000000000AAA","","","","","Yet to begin","","","Hawkpower, Fujitsu","Hawkpower"
"006gK000004uqA3QAI","0","001gK00000HZCb3QAH","0","GenePoint SLA","","Closed Won","9","30000","100","30000","","2025-08-16 00:00:00","Existing Customer - Upgrade","","Partner","1","1","Closed","Closed","000000000000000AAA","","","005gK000006W7m6QAC","2025-08-25 06:35:58","005gK000006W7m6QAC","2025-08-25 06:35:58","005gK000006W7m6QAC","2025-08-25 06:35:58","","","2015","2","000000000000000AAA","","","","","In progress","","546512","",""
"006gK000004uqA4QAI","0","001gK00000HZCayQAH","0","United Oil Installations","","Negotiation/Review","8","270000","90","243000","","2025-06-16 00:00:00","Existing Customer - Upgrade","","","0","0","Pipeline","Pipeline","000000000000000AAA","","","005gK000006W7m6QAC","2025-08-25 06:35:58","005gK000006W7m6QAC","2025-08-25 06:35:58","005gK000006W7m6QAC","2025-08-25 06:35:58","","","2015","1","000000000000000AAA","","","","","Yet to begin","","","",""
"006gK000004uqA5QAI","0","001gK00000HZCatQAH","0","Edge Installation","","Closed Won","9","50000","100","50000","","2025-06-10 00:00:00","Existing Customer - Upgrade","","Word of mouth","1","1","Closed","Closed","000000000000000AAA","","","005gK000006W7m6QAC","2025-08-25 06:35:58","005gK000006W7m6QAC","2025-08-25 06:35:58","005gK000006W7m6QAC","2025-08-25 06:35:58","","","2015","1","000000000000000AAA","","","","","Completed","","835178","",""
"006gK000004uqA6QAI","0","001gK00000HZCatQAH","0","Edge SLA","","Closed Won","9","60000","100","60000","","2025-05-06 00:00:00","Existing Customer - Upgrade","","Word of mouth","1","1","Closed","Closed","000000000000000AAA","","","005gK000006W7m6QAC","2025-08-25 06:35:58","005gK000006W7m6QAC","2025-08-25 06:35:58","005gK000006W7m6QAC","2025-08-25 06:35:58","","","2015","1","000000000000000AAA","","","","","","","847564","",""
"006gK000004uqA7QAI","0","001gK00000HZCaxQAH","0","Grand Hotels Generator Installations","","Closed Won","9","350000","100","350000","","2025-08-02 00:00:00","Existing Customer - Upgrade","","External Referral","1","1","Closed","Closed","000000000000000AAA","","","005gK000006W7m6QAC","2025-08-25 06:35:58","005gK000006W7m6QAC","2025-08-25 06:35:58","005gK000006W7m6QAC","2025-08-25 06:35:58","","","2015","2","000000000000000AAA","","","","","Completed","","763546","",""
"006gK000004uqA8QAI","0","001gK00000HZCayQAH","0","United Oil Installations","","Closed Won","9","270000","100","270000","","2025-06-15 00:00:00","Existing Customer - Upgrade","","Partner","1","1","Closed","Closed","000000000000000AAA","","","005gK000006W7m6QAC","2025-08-25 06:35:58","005gK000006W7m6QAC","2025-08-25 06:35:58","005gK000006W7m6QAC","2025-08-25 06:35:58","","","2015","1","000000000000000AAA","","","","","In progress","","427609","",""
"006gK000004uqA9QAI","0","001gK00000HZCayQAH","0","United Oil Refinery Generators","","Closed Won","9","915000","100","915000","","2025-07-28 00:00:00","New Customer","","Partner","1","1","Closed","Closed","000000000000000AAA","","","005gK000006W7m6QAC","2025-08-25 06:35:58","005gK000006W7m6QAC","2025-08-25 06:35:58","005gK000006W7m6QAC","2025-08-25 06:35:58","","","2015","2","000000000000000AAA","","","","","Completed","830150301360","744343","John Deere","John Deere, Mitsubishi, Hawkpower"
"006gK000004uqAAQAY","0","001gK00000HZCauQAH","0","Burlington Textiles Weaving Plant Generator","","Closed Won","9","235000","100","235000","","2025-06-25 00:00:00","New Customer","","Web","1","1","Closed","Closed","000000000000000AAA","","","005gK000006W7m6QAC","2025-08-25 06:35:58","005gK000006W7m6QAC","2025-08-25 06:35:58","005gK000006W7m6QAC","2025-08-25 06:35:58","","","2015","1","000000000000000AAA","","","","","Yet to begin","830150301360","645612","John Deere","John Deere"
"006gK000004uqABQAY","0","001gK00000HZCb0QAH","0","University of AZ Installations","","Proposal/Price Quote","7","100000","75","75000","","2025-05-17 00:00:00","Existing Customer - Upgrade","","Employee Referral","0","0","Pipeline","Pipeline","000000000000000AAA","","","005gK000006W7m6QAC","2025-08-25 06:35:58","005gK000006W7m6QAC","2025-08-25 06:35:58","005gK000006W7m6QAC","2025-08-25 06:35:58","","","2015","1","000000000000000AAA","","","","","Yet to begin","","","",""
"006gK000004uqACQAY","0","001gK00000HZCazQAH","0","Express Logistics SLA","","Perception Analysis","6","120000","70","84000","","2025-05-15 00:00:00","Existing Customer - Upgrade","","External Referral","0","0","Pipeline","Pipeline","000000000000000AAA","","","005gK000006W7m6QAC","2025-08-25 06:35:58","005gK000006W7m6QAC","2025-08-25 06:35:58","005gK000006W7m6QAC","2025-08-25 06:35:58","","","2015","1","000000000000000AAA","","","","","In progress","","","",""
"006gK000004uqADQAY","0","001gK00000HZCb0QAH","0","University of AZ SLA","","Closed Won","9","90000","100","90000","","2025-05-24 00:00:00","Existing Customer - Upgrade","","Public Relations","1","1","Closed","Closed","000000000000000AAA","","","005gK000006W7m6QAC","2025-08-25 06:35:58","005gK000006W7m6QAC","2025-08-25 06:35:58","005gK000006W7m6QAC","2025-08-25 06:35:58","","","2015","1","000000000000000AAA","","","","","In progress","","654985","",""
"006gK000004uqAEQAY","0","001gK00000HZCayQAH","0","United Oil Installations","","Closed Won","9","235000","100","235000","","2025-06-27 00:00:00","Existing Customer - Upgrade","","External Referral","1","1","Closed","Closed","000000000000000AAA","","","005gK000006W7m6QAC","2025-08-25 06:35:58","005gK000006W7m6QAC","2025-08-25 06:35:58","005gK000006W7m6QAC","2025-08-25 06:35:58","","","2015","1","000000000000000AAA","","","","","In progress","","554821","",""
"006gK000004uqAFQAY","0","001gK00000HZCayQAH","0","United Oil Emergency Generators","","Closed Won","9","440000","100","440000","","2025-06-09 00:00:00","Existing Customer - Upgrade","","External Referral","1","1","Closed","Closed","000000000000000AAA","","","005gK000006W7m6QAC","2025-08-25 06:35:58","005gK000006W7m6QAC","2025-08-25 06:35:58","005gK000006W7m6QAC","2025-08-25 06:35:58","","","2015","1","000000000000000AAA","","","","","Completed","830150301420","847324","Fujitsu","Honda, Mitsubishi"
"006gK000004uqAGQAY","0","001gK00000HZCaxQAH","0","Grand Hotels SLA","","Closed Won","9","90000","100","90000","","2025-05-13 00:00:00","Existing Customer - Upgrade","","External Referral","1","1","Closed","Closed","000000000000000AAA","","","005gK000006W7m6QAC","2025-08-25 06:35:58","005gK000006W7m6QAC","2025-08-25 06:35:58","005gK000006W7m6QAC","2025-08-25 06:35:58","","","2015","1","000000000000000AAA","","","","","In progress","","254676","",""
"006gK000004uqAHQAY","0","001gK00000HZCayQAH","0","United Oil Standby Generators","","Closed Won","9","120000","100","120000","","2025-08-12 00:00:00","Existing Customer - Upgrade","","External Referral","1","1","Closed","Closed","000000000000000AAA","","","005gK000006W7m6QAC","2025-08-25 06:35:58","005gK000006W7m6QAC","2025-08-25 06:35:58","005gK000006W7m6QAC","2025-08-25 06:35:58","","","2015","2","000000000000000AAA","","","","","","830150301360","525476","John Deere","John Deere, Mitsubishi, Hawkpower"
"006gK000004uqAIQAY","0","001gK00000HZCaxQAH","0","Grand Hotels Emergency Generators","","Closed Won","9","210000","100","210000","","2025-07-31 00:00:00","New Customer","","External Referral","1","1","Closed","Closed","000000000000000AAA","","","005gK000006W7m6QAC","2025-08-25 06:35:58","005gK000006W7m6QAC","2025-08-25 06:35:58","005gK000006W7m6QAC","2025-08-25 06:35:58","","","2015","2","000000000000000AAA","","","","","Completed","830150301360","387624","Fujitsu","Caterpillar"
"006gK000004uqAJQAY","0","001gK00000HZCayQAH","0","United Oil Plant Standby Generators","","Needs Analysis","3","675000","20","135000","","2025-07-14 00:00:00","Existing Customer - Upgrade","","","0","0","Pipeline","Pipeline","000000000000000AAA","","","005gK000006W7m6QAC","2025-08-25 06:35:58","005gK000006W7m6QAC","2025-08-25 06:35:58","005gK000006W7m6QAC","2025-08-25 06:35:58","","","2015","1","000000000000000AAA","","","","","","","","Caterpillar","Caterpillar, Mitsubishi, Hawkpower"
"006gK000004uqAKQAY","0","001gK00000HZCatQAH","0","Edge Emergency Generator","","Id. Decision Makers","5","35000","60","21000","","2025-08-25 00:00:00","Existing Customer - Replacement","","","0","0","Pipeline","Pipeline","000000000000000AAA","","","005gK000006W7m6QAC","2025-08-25 06:35:58","005gK000006W7m6QAC","2025-08-25 06:35:58","005gK000006W7m6QAC","2025-08-25 06:35:58","","","2015","2","000000000000000AAA","","","","","","","","","John Deere, Mitsubishi, Hawkpower"
"006gK000005Dpt3QAC","0","000000000000000AAA","0","Submit for Approval","","Qualification","2","","10","","","2025-10-02 00:00:00","","","","0","0","Pipeline","Pipeline","000000000000000AAA","","","005gK000006hSbDQAU","2025-09-02 08:27:01","005gK000006hSbDQAU","2025-09-02 08:27:01","005gK000006hSbDQAU","2025-09-02 08:27:01","","","2025","4","000000000000000AAA","","","","","","","","",""
