"Id","Name","ModuleNamespace","Description","BusinessProcessId","SobjectType","IsActive","CreatedById","CreatedDate","LastModifiedById","LastModifiedDate","SystemModstamp","IsDeleted"
"012gK0000025T3RQAU","Internal Zone: Question Record Type","","Record type used to associate Question with a specific zone","","Question","1","005gK000006W9uMQAS","2025-08-25 06:35:58","005gK000006W9uMQAS","2025-08-25 06:35:58","2025-08-25 06:35:58","0"
"012gK0000025T3SQAU","Internal Zone: Reply Record Type","","Record type used to associate Reply with a specific zone","","Reply","1","005gK000006W9uMQAS","2025-08-25 06:35:58","005gK000006W9uMQAS","2025-08-25 06:35:58","2025-08-25 06:35:58","0"
"012gK0000025T3TQAU","Progress","","Measure achievement based on how much is finished compared to a targeted value. Ideal for tracking hard numbers and percentages. For example: Convert 50 Leads or Achieve 100% Customer Satisfaction.","","Metric","1","005gK000006W7m6QAC","2025-08-25 06:35:58","005gK000006W7m6QAC","2025-08-25 06:35:58","2025-08-25 06:35:58","0"
"012gK0000025T3UQAU","Completion","","Measure achievement based on whether or not the metric is finished. Ideal for tracking milestones, or when you don't have metrics based on hard numbers. For example: Become Salesforce Certified.","","Metric","1","005gK000006W7m6QAC","2025-08-25 06:35:58","005gK000006W7m6QAC","2025-08-25 06:35:58","2025-08-25 06:35:58","0"
"012gK0000025T3VQAU","Internal Ideas: Idea Record Type","","Record Type used to associate ideas with a specific community","","Idea","1","005gK000006W7m6QAC","2025-08-25 06:35:58","005gK000006W7m6QAC","2025-08-25 06:35:58","2025-08-25 06:35:58","0"
