"Id","IsDeleted","Name","CreatedDate","CreatedById","LastModifiedDate","LastModifiedById","SystemModstamp","ReleaseUpdateId","Number","Status"
"1RSgK000003EXLlWAO","0","Check","2025-08-25 06:35:58","005gK000006W9uMQAS","2025-08-25 06:35:58","005gK000006W9uMQAS","2025-08-25 06:35:58","EnableEnhancedDomainsReleaseUpdate","1","Complete"
"1RSgK000003EXLmWAO","0","Enable","2025-08-25 06:35:58","005gK000006W9uMQAS","2025-08-25 06:35:58","005gK000006W9uMQAS","2025-08-25 06:35:58","EnableEnhancedDomainsReleaseUpdate","2","Complete"
"1RSgK000003EXLnWAO","0","Deploy","2025-08-25 06:35:58","005gK000006W9uMQAS","2025-08-25 06:35:58","005gK000006W9uMQAS","2025-08-25 06:35:58","EnableEnhancedDomainsReleaseUpdate","3","Complete"
"1RSgK000003EXLoWAO","0","UpdateFirst","2025-08-25 06:35:58","005gK000006W9uMQAS","2025-08-25 06:35:58","005gK000006W9uMQAS","2025-08-25 06:35:58","EnableEnhancedDomainsReleaseUpdate","4","New"
"1RSgK000003EXLpWAO","0","UpdateSecond","2025-08-25 06:35:58","005gK000006W9uMQAS","2025-08-25 06:35:58","005gK000006W9uMQAS","2025-08-25 06:35:58","EnableEnhancedDomainsReleaseUpdate","5","New"
"1RSgK000003EXLqWAO","0","Confirm","2025-08-25 06:35:58","005gK000006W9uMQAS","2025-08-25 06:35:58","005gK000006W9uMQAS","2025-08-25 06:35:58","EnableEnhancedDomainsReleaseUpdate","6","New"
