"Id","IsDeleted","Name","CreatedDate","CreatedById","LastModifiedDate","LastModifiedById","SystemModstamp","ReleaseUpdateId","Status"
"1RLgK000003EhOLWA0","0","Check","2025-08-25 06:35:58","005gK000006W9uMQAS","2025-08-25 06:35:58","005gK000006W9uMQAS","2025-08-25 06:35:58","EnableEnhancedDomainsReleaseUpdate","Complete"
"1RLgK000003EhOMWA0","0","Confirm","2025-08-25 06:35:58","005gK000006W9uMQAS","2025-08-25 06:35:58","005gK000006W9uMQAS","2025-08-25 06:35:58","EnableEnhancedDomainsReleaseUpdate","New"
"1RLgK000003EhONWA0","0","Deploy","2025-08-25 06:35:58","005gK000006W9uMQAS","2025-08-25 06:35:58","005gK000006W9uMQAS","2025-08-25 06:35:58","EnableEnhancedDomainsReleaseUpdate","Complete"
"1RLgK000003EhOOWA0","0","Enable","2025-08-25 06:35:58","005gK000006W9uMQAS","2025-08-25 06:35:58","005gK000006W9uMQAS","2025-08-25 06:35:58","EnableEnhancedDomainsReleaseUpdate","Complete"
"1RLgK000003EhOPWA0","0","UpdateFirst","2025-08-25 06:35:58","005gK000006W9uMQAS","2025-08-25 06:35:58","005gK000006W9uMQAS","2025-08-25 06:35:58","EnableEnhancedDomainsReleaseUpdate","New"
"1RLgK000003EhOQWA0","0","UpdateSecond","2025-08-25 06:35:58","005gK000006W9uMQAS","2025-08-25 06:35:58","005gK000006W9uMQAS","2025-08-25 06:35:58","EnableEnhancedDomainsReleaseUpdate","New"
