"Id","IsDeleted","Name","CreatedDate","CreatedById","LastModifiedDate","LastModifiedById","SystemModstamp","MetricIdentifier","DetailIdentifier","Tenant","TenantName","MetricsType","Username","UserEmail","LoginCount","LastLoginDate"
"7TegK000004c4hpSAA","0","LoginsWithOAUTH","2025-08-28 10:36:14","005gK000006W9uMQAS","2025-08-28 10:36:14","005gK000006W9uMQAS","2025-08-28 10:36:14","d601c48949a245e0b8a8ba8886c67d9a","c94c2ea2d94648ffb0b7100e5fd95f47","00DgK000009v54D","EPIC OrgFarm","LoginsWithOAUTH","epic.a99fc6597b7e@orgfarm.salesforce.com","epic.orgfarm@salesforce.com","1","2025-08-27 06:01:15"
"7TegK000004dq9LSAQ","0","LoginsWithOAUTH","2025-08-29 09:40:46","005gK000006W9uMQAS","2025-08-29 09:40:46","005gK000006W9uMQAS","2025-08-29 09:40:46","62f88f05928b4547b218198217299f75","a59a24b02c074dfc93562d79d87db3e5","00DgK000009v54D","Dr.RV Arts and science college","LoginsWithOAUTH","epic.a99fc6597b7e@orgfarm.salesforce.com","epic.orgfarm@salesforce.com","1","2025-08-28 12:44:30"
"7TegK000004e1ZPSAY","0","LoginsWithUNPW","2025-08-29 09:40:46","005gK000006W9uMQAS","2025-08-29 09:40:46","005gK000006W9uMQAS","2025-08-29 09:40:46","7136f90ecaf5440abc47041b0f44e20a","5251a3dd94004ff7b5e4bbbda471f1f5","00DgK000009v54D","Dr.RV Arts and science college","LoginsWithUNPW","mariarvcollege2004254@agentforce.com","mariarvcollege2004@gmail.com","1","2025-08-28 12:45:04"
"7TegK000004iX7eSAE","0","LoginsWithOAUTH","2025-09-01 06:56:19","005gK000006W9uMQAS","2025-09-01 06:56:19","005gK000006W9uMQAS","2025-09-01 06:56:19","003f9634ee314786b17d555580558b7e","f1502e5e817e4a4eb6d86bc22b62daee","00DgK000009v54D","Dr.RV Arts and science college","LoginsWithOAUTH","epic.a99fc6597b7e@orgfarm.salesforce.com","epic.orgfarm@salesforce.com","1","2025-08-31 21:39:50"
"7TegK000004kzkYSAQ","0","LoginsWithUNPW2FA","2025-09-02 13:29:23","005gK000006W9uMQAS","2025-09-02 13:29:23","005gK000006W9uMQAS","2025-09-02 13:29:23","2f80318bde96426f9d785b59495fe3c9","49cad811bf2d4dde8fd8bb7d1994a2c8","00DgK000009v54D","Dr.RV Arts and science college","LoginsWithUNPW2FA","mariarvcollege2004254@agentforce.com","mariarvcollege2004@gmail.com","1","2025-09-01 05:27:09"
"7TegK000004kzkZSAQ","0","LoginsWithUNPW","2025-09-02 13:29:23","005gK000006W9uMQAS","2025-09-02 13:29:23","005gK000006W9uMQAS","2025-09-02 13:29:23","ed266683bfa34b5e91fe0e2fe3df2e36","b76b1662fa0242c58815fe7892bb0801","00DgK000009v54D","Dr.RV Arts and science college","LoginsWithUNPW","mariarvcollege2004254@agentforce.com","mariarvcollege2004@gmail.com","2","2025-09-01 13:16:41"
