"Id","IsDeleted","Name","CreatedDate","CreatedById","LastModifiedDate","LastModifiedById","SystemModstamp","UserId","Questionnaire","Status"
"4QSgK000003DsQfWAK","0","health_cloud_industries","2025-08-25 06:35:58","005gK000006W7m6QAC","2025-08-25 06:35:58","005gK000006W7m6QAC","2025-08-25 06:35:58","005gK000006W7m6QAC","health_cloud_industries","Invisible"
"4QSgK000003DsQgWAK","0","terms_of_service","2025-08-25 06:35:58","005gK000006W7m6QAC","2025-08-25 06:35:58","005gK000006W7m6QAC","2025-08-25 06:35:58","005gK000006W7m6QAC","terms_of_service","Invisible"
"4QSgK000003DsQhWAK","0","gs_crm","2025-08-25 06:35:58","005gK000006W7m6QAC","2025-08-25 06:35:58","005gK000006W7m6QAC","2025-08-25 06:35:58","005gK000006W7m6QAC","gs_crm","Invisible"
"4QSgK000003DsQiWAK","0","gs_not_crm","2025-08-25 06:35:58","005gK000006W7m6QAC","2025-08-25 06:35:58","005gK000006W7m6QAC","2025-08-25 06:35:58","005gK000006W7m6QAC","gs_not_crm","Invisible"
"4QSgK000003DsQjWAK","0","value_assessment","2025-08-25 06:35:58","005gK000006W7m6QAC","2025-08-25 06:35:58","005gK000006W7m6QAC","2025-08-25 06:35:58","005gK000006W7m6QAC","value_assessment","Invisible"
"4QSgK000003DsQkWAK","0","finserv_onboarding","2025-08-25 06:35:58","005gK000006W7m6QAC","2025-08-25 06:35:58","005gK000006W7m6QAC","2025-08-25 06:35:58","005gK000006W7m6QAC","finserv_onboarding","Invisible"
