"Id","Username","FirstName","LastName","CompanyName","Division","Department","Title","Street","City","State","PostalCode","Country","StateCode","CountryCode","Latitude","Longitude","GeocodeAccuracy","Email","SenderEmail","SenderName","Signature","StayInTouchSubject","StayInTouchSignature","StayInTouchNote","Phone","Fax","MobilePhone","Alias","CommunityNickname","IsActive","IsSystemControlled","TimeZoneSidKey","UserRoleId","LocaleSidKey","ReceivesInfoEmails","ReceivesAdminInfoEmails","EmailEncodingKey","ProfileId","UserType","UserSubtype","StartDay","EndDay","LanguageLocaleKey","EmployeeNumber","DelegatedApproverId","ManagerId","LastLoginDate","LastPasswordChangeDate","CreatedDate","CreatedById","LastModifiedDate","LastModifiedById","SystemModstamp","PasswordExpirationDate","NumberOfFailedLogins","SuAccessExpirationDate","SuOrgAdminExpirationDate","OfflineTrialExpirationDate","WirelessTrialExpirationDate","OfflinePdaTrialExpirationDate","ForecastEnabled","ContactId","AccountId","CallCenterId","Extension","FederationIdentifier","AboutMe","LoginLimit","ProfilePhotoId","DigestFrequency","DefaultGroupNotificationFrequency","JigsawImportLimitOverride","WorkspaceId","SharingType","ChatterAdoptionStage","ChatterAdoptionStageModifiedDate","BannerPhotoId","IsProfilePhotoActive","IndividualId","GlobalIdentity"
"005gK000006W7m6QAC","epic.a99fc6597b7e@orgfarm.salesforce.com","OrgFarm","EPIC","EPIC OrgFarm","","","","","","","","United States","","US","","","","epic.orgfarm@salesforce.com","","","","","","","","","","OEPIC","User17561037593727029621","1","0","America/Los_Angeles","000000000000000AAA","en_US","1","1","UTF-8","00egK000004IEi9QAG","Standard","","6","23","en_US","","000000000000000AAA","000000000000000AAA","2025-08-31 21:39:50","2025-08-25 06:42:12","2025-08-25 06:35:58","005gK000006W7m6QAC","2025-08-27 06:01:18","005gK000006W7m6QAC","2025-08-27 06:01:18","2025-08-24 06:42:12","0","","","","","","1","000000000000000AAA","000000000000000AAA","","","","","","","D","N","300","1degK000003ThELQA0","Standard","NU","2019-03-26 06:00:07","","0","000000000000000AAA","b3f14ff6-1120-4a5c-9f82-2c0d52391010"
"005gK000006W9uLQAS","integration@00dgk000009v54duaq.com","Integration","User","EPIC OrgFarm","","","","","","","","US","","US","","","","noreply@example.com","","Salesforce Analytics","","","","","","","","integ","integration1.4407085834085586E12","1","0","America/Los_Angeles","000000000000000AAA","en_US","1","0","UTF-8","00egK000004IEiAQAW","Standard","","6","23","en_US","","000000000000000AAA","000000000000000AAA","","","2025-08-25 06:35:58","005gK000006W7m6QAC","2025-08-25 06:35:58","005gK000006W9uMQAS","2025-08-26 04:34:22","","","","","","","","0","000000000000000AAA","000000000000000AAA","","","","","","","N","N","","000000000000000AAA","Standard","","","","0","000000000000000AAA","34a3631c-3b67-4340-8eed-e4f958836560"
"005gK000006W9uMQAS","autoproc@00dgk000009v54duaq","Automated","Process","EPIC OrgFarm","","","","","","","","US","","US","","","","noreply@00dgk000009v54duaq","","","","","","","","","","autoproc","automatedprocess","1","0","America/Los_Angeles","000000000000000AAA","en_US","1","0","UTF-8","00egK000004IEiBQAW","AutomatedProcess","","","","en_US","","000000000000000AAA","","","","2025-08-25 06:35:58","005gK000006W9uNQAS","2025-08-25 06:35:58","005gK000006W9uNQAS","2025-08-25 06:42:12","","","","","","","","0","000000000000000AAA","000000000000000AAA","","","","","","","D","N","","","AutomatedProcess","NU","2015-05-09 05:00:29","","0","",""
"005gK000006W9uNQAS","sfdcadmin@00dgk000009v54duaq","Salesforce","Administrator","EPIC OrgFarm","","","","","","","","US","","US","","","","noreply@00dgk000009v54duaq","","","","","","","","","","sfdcadmn","sfdcadmn","1","0","America/Los_Angeles","000000000000000AAA","en_US","1","0","UTF-8","00egK000004IEiCQAW","SfdcAdmin","","","","en_US","","000000000000000AAA","","","","2025-08-25 06:35:58","005gK000006W7m6QAC","2025-08-25 06:35:58","005gK000006W7m6QAC","2025-08-25 06:42:12","","","","","","","","0","000000000000000AAA","000000000000000AAA","","","","","","","D","N","","","SfdcAdmin","NU","2015-05-09 05:00:29","","0","",""
"005gK000006W9uOQAS","cloud@00dgk000009v54duaq","","Platform Integration User","EPIC OrgFarm","","","","","","","","US","","US","","","","noreply@00dgk000009v54duaq","","","","","","","","","","platint","User15819534473983570716","1","0","America/Los_Angeles","000000000000000AAA","en_US","1","0","UTF-8","00egK000004IEiDQAW","CloudIntegrationUser","","","","en_US","","000000000000000AAA","000000000000000AAA","","","2025-08-25 06:35:58","005gK000006W9uNQAS","2025-08-25 06:35:58","005gK000006W9uNQAS","2025-08-25 06:42:12","","","","","","","","0","000000000000000AAA","000000000000000AAA","","","","","","","N","N","","000000000000000AAA","CloudIntegrationUser","","","","0","000000000000000AAA",""
"005gK000006W9uPQAS","automatedclean@00dgk000009v54duaq","","Data.com Clean","EPIC OrgFarm","","","","","","","","US","","US","","","","noreply@00dgk000009v54duaq","","","","","","","","","","autocln","User15819537108698329215","1","0","America/Los_Angeles","000000000000000AAA","en_US","1","0","UTF-8","00egK000004IEiBQAW","AutomatedProcess","Clean","","","en_US","","000000000000000AAA","000000000000000AAA","","","2025-08-25 06:35:58","005gK000006W9uNQAS","2025-08-25 06:35:58","005gK000006W9uNQAS","2025-08-25 06:42:12","","","","","","","","0","000000000000000AAA","000000000000000AAA","","","","","","","N","N","","000000000000000AAA","AutomatedProcess","","","","0","000000000000000AAA",""
"005gK000006W9uQQAS","chatty.00dgk000009v54duaq.hbzzmq39oyla@chatter.salesforce.com","","Chatter Expert","EPIC OrgFarm","","","","","","","","US","","US","","","","noreply@example.com","","","","","","","","","","Chatter","Chatter Expert","1","0","America/Los_Angeles","000000000000000AAA","en_US","1","0","UTF-8","00egK000004IEiEQAW","CsnOnly","","","","en_US","","000000000000000AAA","000000000000000AAA","","","2025-08-25 06:35:58","005gK000006W7m6QAC","2025-08-25 06:35:58","005gK000006W7m6QAC","2025-08-26 04:34:22","","","","","","","","0","000000000000000AAA","000000000000000AAA","","","","I?m here to help you get started with Chatter. I?ll introduce you to features, create sample posts, and suggest tips and best practices.  I'm an automated user so you don't need to worry about privacy! I can't see any of your posts or files.  If I'm too noisy, have your admin or moderator deactivate me and I'll stop posting.","","729gK000003LGsrQAG","D","N","","000000000000000AAA","CsnOnly","","","","1","","d5ef53a6-0657-4d4c-a792-f8cbafdb2c7c"
"005gK000006W9uRQAS","insightssecurity@00dgk000009v54duaq.com","Security","User","EPIC OrgFarm","","","","","","","","US","","US","","","","noreply@example.com","","Salesforce Analytics","","","","","","","","sec","insightssecurity1.4407085845464958E12","1","0","America/Los_Angeles","000000000000000AAA","en_US","1","0","UTF-8","00egK000004IEiFQAW","Standard","","6","23","en_US","","000000000000000AAA","000000000000000AAA","","","2025-08-25 06:35:58","005gK000006W7m6QAC","2025-08-25 06:35:58","005gK000006W9uMQAS","2025-08-26 04:34:22","","","","","","","","0","000000000000000AAA","000000000000000AAA","","","","","","","N","N","","000000000000000AAA","Standard","","","","0","000000000000000AAA","1e1030df-c2aa-4e07-ad97-fc35231d4cff"
"005gK000006W9uSQAS","externalwho@00dgk000009v54duaq","Public","User","EPIC OrgFarm","","","","","","","","US","","US","","","","noreply@00dgk000009v54duaq","","","","","","","","","","extwho","User1739853016454860602","1","0","America/Los_Angeles","000000000000000AAA","en_US","1","0","UTF-8","00egK000004IEiGQAW","ExternalWho","Sfdc","","","en_US","","000000000000000AAA","000000000000000AAA","","","2025-08-25 06:35:58","005gK000006W9uNQAS","2025-08-25 06:35:58","005gK000006W9uNQAS","2025-08-25 06:42:12","","","","","","","","0","000000000000000AAA","000000000000000AAA","","","","","","","N","N","","000000000000000AAA","ExternalWho","","","","0","000000000000000AAA",""
"005gK000006hSbDQAU","mariarvcollege2004254@agentforce.com","Maria Angeline","C","Dr.RV Arts and science college","","","","","","","","","","","","","","mariarvcollege2004@gmail.com","","","","","","","","","+91 6382777936","mar","User17563850715851487970","1","0","America/Los_Angeles","000000000000000AAA","en_US","0","0","UTF-8","00egK000004IEi9QAG","Standard","","6","23","en_US","","000000000000000AAA","000000000000000AAA","2025-09-03 04:48:57","2025-08-28 12:46:00","2025-08-28 12:44:31","005gK000006W7m6QAC","2025-09-02 08:53:01","005gK000006hSbDQAU","2025-09-02 08:53:01","2025-11-26 12:46:00","0","","","","","","0","000000000000000AAA","000000000000000AAA","","","","","","","D","N","","1degK000003jUrRQAU","Standard","","","","0","000000000000000AAA","05da50c2-59f9-4485-946d-19bbdfbec228"
