"Id","IsDeleted","Name","CreatedDate","CreatedById","LastModifiedDate","LastModifiedById","SystemModstamp","UserId","Assistant","Status","CompletionDate","PersistedRules","IsArchived"
"4SSgK000003ii8VWAQ","0","sales_engagement_gs","2025-08-25 06:35:58","005gK000006W7m6QAC","2025-08-25 06:35:58","005gK000006W7m6QAC","2025-08-25 06:35:58","005gK000006W7m6QAC","sales_engagement_gs","NotStarted","","SalesEngagementVisibilityRule","0"
"4SSgK000003ii8WWAQ","0","Einstein_Scoring","2025-08-25 06:35:58","005gK000006W7m6QAC","2025-08-25 06:35:58","005gK000006W7m6QAC","2025-08-25 06:35:58","005gK000006W7m6QAC","Einstein_Scoring","NotStarted","","EinsteinScoringVisibilityRule","0"
"4SSgK000003ii8XWAQ","0","SE_Rollout","2025-08-25 06:35:58","005gK000006W7m6QAC","2025-08-25 06:35:58","005gK000006W7m6QAC","2025-08-25 06:35:58","005gK000006W7m6QAC","SE_Rollout","NotStarted","","SE_Rollout_Visibility_Rule","0"
"4SSgK000003ii8YWAQ","0","csg_order_mngmt_commerce","2025-08-25 06:35:58","005gK000006W7m6QAC","2025-08-25 06:35:58","005gK000006W7m6QAC","2025-08-25 06:35:58","005gK000006W7m6QAC","csg_order_mngmt_commerce","NotStarted","","csg_commerce","0"
"4SSgK000003ii8ZWAQ","0","Service_Automate_Case_Routing","2025-08-25 06:35:58","005gK000006W7m6QAC","2025-08-25 06:35:58","005gK000006W7m6QAC","2025-08-25 06:35:58","005gK000006W7m6QAC","Service_Automate_Case_Routing","NotStarted","","automate_case_routing","0"
"4SSgK000003ii8aWAA","0","SchedulerSettings","2025-08-25 06:35:58","005gK000006W7m6QAC","2025-08-25 06:35:58","005gK000006W7m6QAC","2025-08-25 06:35:58","005gK000006W7m6QAC","SchedulerSettings","NotStarted","","ManageSchedulerVisibilityRule","0"
"4SSgK000003ii8bWAA","0","SE_Email","2025-08-25 06:35:58","005gK000006W7m6QAC","2025-08-25 06:35:58","005gK000006W7m6QAC","2025-08-25 06:35:58","005gK000006W7m6QAC","SE_Email","NotStarted","","EmailIntegrationVisibility,GmailIntegrationVisibility,InboxIntegrationVisibility,OutlookIntegrationVisibility","0"
"4SSgK000003ii8cWAA","0","capture_cases_service","2025-08-25 06:35:58","005gK000006W7m6QAC","2025-08-25 06:35:58","005gK000006W7m6QAC","2025-08-25 06:35:58","005gK000006W7m6QAC","capture_cases_service","NotStarted","","capture_cases_visibility","0"
"4SSgK000003ii8dWAA","0","Gettoknowfieldservice_csg","2025-08-25 06:35:58","005gK000006W7m6QAC","2025-08-25 06:35:58","005gK000006W7m6QAC","2025-08-25 06:35:58","005gK000006W7m6QAC","Gettoknowfieldservice_csg","NotStarted","","FieldService_Visibility","0"
"4SSgK000003ii8eWAA","0","Enablefieldservice_csg","2025-08-25 06:35:58","005gK000006W7m6QAC","2025-08-25 06:35:58","005gK000006W7m6QAC","2025-08-25 06:35:58","005gK000006W7m6QAC","Enablefieldservice_csg","NotStarted","","EnableFieldServiceVisibility","0"
"4SSgK000003ii8fWAA","0","service_console","2025-08-25 06:35:58","005gK000006W7m6QAC","2025-08-25 06:35:58","005gK000006W7m6QAC","2025-08-25 06:35:58","005gK000006W7m6QAC","service_console","NotStarted","","service_console_visibility","0"
"4SSgK000003ii8gWAA","0","SchedulerSetup","2025-08-25 06:35:58","005gK000006W7m6QAC","2025-08-25 06:35:58","005gK000006W7m6QAC","2025-08-25 06:35:58","005gK000006W7m6QAC","SchedulerSetup","NotStarted","","SetupSchedulerVisibilityRule","0"
"4SSgK000003ii8hWAA","0","digital_engagement","2025-08-25 06:35:58","005gK000006W7m6QAC","2025-08-25 06:35:58","005gK000006W7m6QAC","2025-08-25 06:35:58","005gK000006W7m6QAC","digital_engagement","NotStarted","","digital_engagement_onboarding","0"
"4SSgK000003ii8iWAA","0","csg_scheduler_request_appointments","2025-08-25 06:35:58","005gK000006W7m6QAC","2025-08-25 06:35:58","005gK000006W7m6QAC","2025-08-25 06:35:58","005gK000006W7m6QAC","csg_scheduler_request_appointments","NotStarted","","csg_scheduler_request_appointments_Visibility","0"
"4SSgK000003ii8jWAA","0","csg_scheduler_internal_users","2025-08-25 06:35:58","005gK000006W7m6QAC","2025-08-25 06:35:58","005gK000006W7m6QAC","2025-08-25 06:35:58","005gK000006W7m6QAC","csg_scheduler_internal_users","NotStarted","","csg_scheduler_internal_users_Visibility","0"
"4SSgK000003ii8kWAA","0","csg_scheduler_guest","2025-08-25 06:35:58","005gK000006W7m6QAC","2025-08-25 06:35:58","005gK000006W7m6QAC","2025-08-25 06:35:58","005gK000006W7m6QAC","csg_scheduler_guest","NotStarted","","csg_scheduler_guest_Visibility","0"
"4SSgK000003ii8mWAA","0","csg_scheduler_self_manage","2025-08-25 06:35:58","005gK000006W7m6QAC","2025-08-25 06:35:58","005gK000006W7m6QAC","2025-08-25 06:35:58","005gK000006W7m6QAC","csg_scheduler_self_manage","NotStarted","","csg_scheduler_self_manage_Visibility","0"
"4SSgK000003ii8nWAA","0","csg_einstein_bots","2025-08-25 06:35:58","005gK000006W7m6QAC","2025-08-25 06:35:58","005gK000006W7m6QAC","2025-08-25 06:35:58","005gK000006W7m6QAC","csg_einstein_bots","NotStarted","","csg_einstein_bots_Visibility","0"
"4SSgK000003ii8oWAA","0","csg_scheduler_troubleshoot","2025-08-25 06:35:58","005gK000006W7m6QAC","2025-08-25 06:35:58","005gK000006W7m6QAC","2025-08-25 06:35:58","005gK000006W7m6QAC","csg_scheduler_troubleshoot","NotStarted","","csg_scheduler_troubleshoot_Visibility","0"
"4SSgK000003ii8pWAA","0","csg_scheduler_territory_outages","2025-08-25 06:35:58","005gK000006W7m6QAC","2025-08-25 06:35:58","005gK000006W7m6QAC","2025-08-25 06:35:58","005gK000006W7m6QAC","csg_scheduler_territory_outages","NotStarted","","csg_territory_outages_VisibilityRule","0"
"4SSgK000003ii8qWAA","0","multi_factor_authentication","2025-08-25 06:35:58","005gK000006W7m6QAC","2025-08-25 06:35:58","005gK000006W7m6QAC","2025-08-25 06:35:58","005gK000006W7m6QAC","multi_factor_authentication","NotStarted","","mfa_always_show","0"
"4SSgK000003ii8rWAA","0","SetUpCases","2025-08-25 06:35:58","005gK000006W7m6QAC","2025-08-25 06:35:58","005gK000006W7m6QAC","2025-08-25 06:35:58","005gK000006W7m6QAC","SetUpCases","NotStarted","","setupcasesvisibility","0"
"4SSgK000003ii8sWAA","0","csg_sales_leads_opportunities","2025-08-25 06:35:58","005gK000006W7m6QAC","2025-08-25 06:35:58","005gK000006W7m6QAC","2025-08-25 06:35:58","005gK000006W7m6QAC","csg_sales_leads_opportunities","NotStarted","","LeadsOpportunitiesVisibility","0"
"4SSgK000003ii8tWAA","0","ManageSalesData","2025-08-25 06:35:58","005gK000006W7m6QAC","2025-08-25 06:35:58","005gK000006W7m6QAC","2025-08-25 06:35:58","005gK000006W7m6QAC","ManageSalesData","NotStarted","","SalesData","0"
"4SSgK000003ii8uWAA","0","csg_automate_abp","2025-08-25 06:35:58","005gK000006W7m6QAC","2025-08-25 06:35:58","005gK000006W7m6QAC","2025-08-25 06:35:58","005gK000006W7m6QAC","csg_automate_abp","NotStarted","","csg_automate_abp_Visibility","0"
"4SSgK000003ii8vWAA","0","SetUpAccountsContacts","2025-08-25 06:35:58","005gK000006W7m6QAC","2025-08-25 06:35:58","005gK000006W7m6QAC","2025-08-25 06:35:58","005gK000006W7m6QAC","SetUpAccountsContacts","NotStarted","","AccountsContactsVisibility","0"
"4SSgK000003ii8wWAA","0","EmailCalendar","2025-08-25 06:35:58","005gK000006W7m6QAC","2025-08-25 06:35:58","005gK000006W7m6QAC","2025-08-25 06:35:58","005gK000006W7m6QAC","EmailCalendar","NotStarted","","EmailCalendarVisibility","0"
"4SSgK000003ii8xWAA","0","Salesreporting","2025-08-25 06:35:58","005gK000006W7m6QAC","2025-08-25 06:35:58","005gK000006W7m6QAC","2025-08-25 06:35:58","005gK000006W7m6QAC","Salesreporting","NotStarted","","ReportingVisibility","0"
"4SSgK000003ii8yWAA","0","csg_data_abp","2025-08-25 06:35:58","005gK000006W7m6QAC","2025-08-25 06:35:58","005gK000006W7m6QAC","2025-08-25 06:35:58","005gK000006W7m6QAC","csg_data_abp","NotStarted","","csg_data_abp_Visibility","0"
"4SSgK000003ii8zWAA","0","SalesProcess","2025-08-25 06:35:58","005gK000006W7m6QAC","2025-08-25 06:35:58","005gK000006W7m6QAC","2025-08-25 06:35:58","005gK000006W7m6QAC","SalesProcess","NotStarted","","SalesProcessVisibility","0"
"4SSgK000003ii90WAA","0","csg_accounts_abp","2025-08-25 06:35:58","005gK000006W7m6QAC","2025-08-25 06:35:58","005gK000006W7m6QAC","2025-08-25 06:35:58","005gK000006W7m6QAC","csg_accounts_abp","NotStarted","","csg_accounts_abp_Visibility","0"
"4SSgK000003ii91WAA","0","csg_custom_abp","2025-08-25 06:35:58","005gK000006W7m6QAC","2025-08-25 06:35:58","005gK000006W7m6QAC","2025-08-25 06:35:58","005gK000006W7m6QAC","csg_custom_abp","NotStarted","","csg_custom_abp_Visibility","0"
"4SSgK000003ii92WAA","0","csg_setup_service","2025-08-25 06:35:58","005gK000006W7m6QAC","2025-08-25 06:35:58","005gK000006W7m6QAC","2025-08-25 06:35:58","005gK000006W7m6QAC","csg_setup_service","NotStarted","","setup_service","0"
"4SSgK000003wybZWAQ","0","SetUpAccountsContacts","2025-09-01 05:27:59","005gK000006hSbDQAU","2025-09-01 05:27:59","005gK000006hSbDQAU","2025-09-01 05:27:59","005gK000006hSbDQAU","SetUpAccountsContacts","NotStarted","","AccountsContactsVisibility","0"
"4SSgK000003wybaWAA","0","SalesProcess","2025-09-01 05:27:59","005gK000006hSbDQAU","2025-09-01 05:27:59","005gK000006hSbDQAU","2025-09-01 05:27:59","005gK000006hSbDQAU","SalesProcess","NotStarted","","SalesProcessVisibility","0"
