"Id","Name","ParentRoleId","RollupDescription","OpportunityAccessForAccountOwner","CaseAccessForAccountOwner","ContactAccessForAccountOwner","ForecastUserId","MayForecastManagerShare","LastModifiedDate","LastModifiedById","SystemModstamp","PortalAccountId","PortalType","PortalRole","PortalAccountOwnerId"
"00EgK000003bDkXUAU","CEO","000000000000000AAA","CEO","Edit","Edit","Edit","","0","2025-08-25 06:35:58","005gK000006W7m6QAC","2025-08-25 06:35:58","","None","",""
"00EgK000003bDkYUAU","SVP, Sales & Marketing","00EgK000003bDkXUAU","SVP, Sales & Marketing","Edit","Edit","Edit","","0","2025-08-25 06:35:58","005gK000006W7m6QAC","2025-08-25 06:35:58","","None","",""
"00EgK000003bDkZUAU","VP, North American Sales","00EgK000003bDkYUAU","VP, North American Sales","Edit","Edit","Edit","","0","2025-08-25 06:35:58","005gK000006W7m6QAC","2025-08-25 06:35:58","","None","",""
"00EgK000003bDkaUAE","Director, Direct Sales","00EgK000003bDkZUAU","Director, Direct Sales","Edit","Edit","Edit","","0","2025-08-25 06:35:58","005gK000006W7m6QAC","2025-08-25 06:35:58","","None","",""
"00EgK000003bDkbUAE","VP, Marketing","00EgK000003bDkYUAU","VP, Marketing","Edit","Edit","Edit","","0","2025-08-25 06:35:58","005gK000006W7m6QAC","2025-08-25 06:35:58","","None","",""
"00EgK000003bDkcUAE","SVP, Customer Service & Support","00EgK000003bDkXUAU","SVP, Customer Service & Support","Edit","Edit","Edit","","0","2025-08-25 06:35:58","005gK000006W7m6QAC","2025-08-25 06:35:58","","None","",""
"00EgK000003bDkdUAE","Director, Channel Sales","00EgK000003bDkZUAU","Director, Channel Sales","Edit","Edit","Edit","","0","2025-08-25 06:35:58","005gK000006W7m6QAC","2025-08-25 06:35:58","","None","",""
"00EgK000003bDkeUAE","CFO","00EgK000003bDkXUAU","CFO","Edit","Edit","Edit","","0","2025-08-25 06:35:58","005gK000006W7m6QAC","2025-08-25 06:35:58","","None","",""
"00EgK000003bDkfUAE","Western Sales Team","00EgK000003bDkaUAE","Western Sales Team","Edit","Edit","Edit","","0","2025-08-25 06:35:58","005gK000006W7m6QAC","2025-08-25 06:35:58","","None","",""
"00EgK000003bDkgUAE","Customer Support, North America","00EgK000003bDkcUAE","Customer Support, North America","Edit","Edit","Edit","","0","2025-08-25 06:35:58","005gK000006W7m6QAC","2025-08-25 06:35:58","","None","",""
"00EgK000003bDkhUAE","Channel Sales Team","00EgK000003bDkdUAE","Channel Sales Team","Edit","Edit","Edit","","0","2025-08-25 06:35:58","005gK000006W7m6QAC","2025-08-25 06:35:58","","None","",""
"00EgK000003bDkiUAE","Marketing Team","00EgK000003bDkbUAE","Marketing Team","Edit","Edit","Edit","","0","2025-08-25 06:35:58","005gK000006W7m6QAC","2025-08-25 06:35:58","","None","",""
"00EgK000003bDkjUAE","Installation & Repair Services","00EgK000003bDkcUAE","Installation & Repair Services","Edit","Edit","Edit","","0","2025-08-25 06:35:58","005gK000006W7m6QAC","2025-08-25 06:35:58","","None","",""
"00EgK000003bDkkUAE","Eastern Sales Team","00EgK000003bDkaUAE","Eastern Sales Team","Edit","Edit","Edit","","0","2025-08-25 06:35:58","005gK000006W7m6QAC","2025-08-25 06:35:58","","None","",""
"00EgK000003bDklUAE","Customer Support, International","00EgK000003bDkcUAE","Customer Support, International","Edit","Edit","Edit","","0","2025-08-25 06:35:58","005gK000006W7m6QAC","2025-08-25 06:35:58","","None","",""
"00EgK000003bDkmUAE","VP, International Sales","00EgK000003bDkYUAU","VP, International Sales","Edit","Edit","Edit","","0","2025-08-25 06:35:58","005gK000006W7m6QAC","2025-08-25 06:35:58","","None","",""
"00EgK000003bDknUAE","SVP, Human Resources","00EgK000003bDkXUAU","SVP, Human Resources","Edit","Edit","Edit","","0","2025-08-25 06:35:58","005gK000006W7m6QAC","2025-08-25 06:35:58","","None","",""
"00EgK000003bDkoUAE","COO","00EgK000003bDkXUAU","COO","Edit","Edit","Edit","","0","2025-08-25 06:35:58","005gK000006W7m6QAC","2025-08-25 06:35:58","","None","",""
